name	site	type	phone	full_address	latitude	longitude	rating	working_hours
וניה ביסטרו	https://www.instagram.com/venya_bistro?igsh=MWx1ZjQ0ZjhsbGh6aw==	ביסטרו	+972 4-671-6272	שער פלמר 1 חיפה 3303139	32.8198426	35.0002409	4.4	"{"יום שני": "סגור", "יום שלישי": "18:30-0:00", "יום רביעי": "18:30-0:00", "יום חמישי": "18:00-0:00", "יום שישי": "13:00-0:00", "יום שבת": "13:00-16:00,18:30-0:00", "יום ראשון": "סגור"}"
מסעדת שף בחיפה - אוניקס | Onyx | اونيكس	https://onyxhaifa.co.il/	מסעדה	+972 4-660-0600	דרך העצמאות 104 חיפה 3341103	32.8210623	34.9965918	4.5	"{"יום שני": "17:00-23:00", "יום שלישי": "17:00-23:00", "יום רביעי": "17:00-23:00", "יום חמישי": "13:00-23:00", "יום שישי": "13:00-23:00", "יום שבת": "13:00-23:00", "יום ראשון": "17:00-23:00"}"
פטוש	https://www.fattoush.co.il/	מסעדה	+972 4-852-4930	שדרות בן גוריון 38 חיפה	32.8193373	34.9899074	4.4	"{"יום שני": "8:30-23:00", "יום שלישי": "8:30-23:00", "יום רביעי": "8:30-23:00", "יום חמישי": "8:30-23:30", "יום שישי": "8:30-23:30", "יום שבת": "8:30-23:00", "יום ראשון": "8:30-23:00"}"
מסעדת עין הוואדי	https://www.facebook.com/Ein.alwadi/	מסעדה	+972 4-855-3353	דרך העצמאות 140 חיפה	32.8230951	34.9933946	4.6	"{"יום שני": "12:00-22:00", "יום שלישי": "12:00-22:00", "יום רביעי": "12:00-22:00", "יום חמישי": "12:00-22:00", "יום שישי": "12:00-22:00", "יום שבת": "12:00-19:00", "יום ראשון": "סגור"}"
לוקס	https://luxhaifa.co.il/he/	מסעדה	+972 77-206-0970	הנמל 13 חיפה 3303113	32.8177174	35.0018628	4.6	"{"יום שני": "17:00-23:00", "יום שלישי": "17:00-23:00", "יום רביעי": "12:00-23:00", "יום חמישי": "12:00-23:30", "יום שישי": "12:00-23:30", "יום שבת": "12:00-23:30", "יום ראשון": "17:00-23:00"}"
מעיין הבירה	https://www.facebook.com/MaayaNHabira/	מסעדה	+972 4-862-3193	נתנזון 4 חיפה	32.8184032	34.9986877	4.6	"{"יום שני": "10:00-17:00", "יום שלישי": "10:00-17:00", "יום רביעי": "10:00-17:00", "יום חמישי": "10:00-17:00", "יום שישי": "10:00-17:00", "יום שבת": "סגור", "יום ראשון": "10:00-17:00"}"
מסעדת שטרודל מושבה גרמנית	http://www.shtroudl-haifa.co.il/	מסעדה ים-תיכונית	+972 77-700-4312	שדרות בן גוריון 39 חיפה	32.8194281	34.9903608	4.3	"{"יום שני": "9:00-23:30", "יום שלישי": "9:00-23:30", "יום רביעי": "9:00-23:30", "יום חמישי": "9:00-23:30", "יום שישי": "9:00-23:30", "יום שבת": "9:00-23:30", "יום ראשון": "9:00-23:30"}"
Garden Restaurant מסעדת גארדן	https://gardenrest.co.il/	מסעדה	+972 4-850-7061	שדרות בן גוריון 43 חיפה	32.8192939	34.9901809	4.1	"{"יום שני": "8:30-23:30", "יום שלישי": "8:30-23:30", "יום רביעי": "8:30-23:30", "יום חמישי": "8:30-23:30", "יום שישי": "8:30-0:00", "יום שבת": "8:30-0:00", "יום ראשון": "8:30-23:30"}"
איטליאנו דה לה קוסטה	https://eataliano.co.il/	מסעדה איטלקית	+972 4-660-1011	העלייה השנייה 96 חיפה	32.8313908	34.9704919	4.5	"{"יום שני": "12:00-23:00", "יום שלישי": "12:00-23:00", "יום רביעי": "12:00-23:00", "יום חמישי": "12:00-23:00", "יום שישי": "12:00-23:00", "יום שבת": "12:00-23:00", "יום ראשון": "12:00-23:00"}"
רולא	https://m.facebook.com/RolaLevantineKitchen/	מסעדה מזרח תיכונית	+972 4-838-3866	הנמל 33 חיפה	32.8187876	35.00059	4.4	"{"יום שני": "12:00-22:00", "יום שלישי": "12:00-22:00", "יום רביעי": "12:00-22:00", "יום חמישי": "12:00-22:00", "יום שישי": "12:00-22:30", "יום שבת": "12:00-18:00", "יום ראשון": "סגור"}"
החבית	https://israelbusinessguide.com/catalog/hayfa/hahavit/	מסעדה	+972 4-852-2215	דוד אלעזר 5 חיפה	32.794135	34.9562265	4.1	"{"יום שני": "9:00-23:00", "יום שלישי": "9:00-23:00", "יום רביעי": "9:00-23:00", "יום חמישי": "9:00-23:00", "יום שישי": "9:00-23:00", "יום שבת": "9:00-23:00", "יום ראשון": "9:00-23:00"}"
ויוינו	https://www.vivino.co.il/haifa1	מסעדה איטלקית	+972 4-822-9454	Elizabeth Squre 1 חיפה	32.7867204	34.9989076	4.6	"{"יום שני": "12:00-23:00", "יום שלישי": "12:00-23:00", "יום רביעי": "12:00-23:00", "יום חמישי": "12:00-23:00", "יום שישי": "12:00-23:00", "יום שבת": "12:00-23:00", "יום ראשון": "12:00-23:00"}"
מינה טומיי - Minna Tomei חיפה מרכז קסטרא	http://www.minna-tomei.co.il/	מסעדה אסייתית	+972 4-666-8080	מרכז קסטרא דרך משה פלימן 8 חיפה	32.7879648	34.9690023	4.5	"{"יום שני": "12:00-23:00", "יום שלישי": "12:00-23:00", "יום רביעי": "12:00-23:00", "יום חמישי": "12:00-23:00", "יום שישי": "12:00-23:00", "יום שבת": "12:00-23:00", "יום ראשון": "12:00-23:00"}"
פאט ויני חיפה קניון עזריאלי	https://www.fatvinny.com/	מסעדה איטלקית	+972 77-938-6281	בקניון עזריאלי דרך משה פלימן 4 חיפה 3508416	32.7894818	34.9660582	4.5	"{"יום שני": "12:00-23:00", "יום שלישי": "12:00-23:00", "יום רביעי": "12:00-23:00", "יום חמישי": "12:00-23:00", "יום שישי": "12:00-23:00", "יום שבת": "12:00-23:00", "יום ראשון": "9:00-23:00"}"
מסעדת אלנבי مطعم اللنبي		מסעדה	+972 4-852-9928	דרך אלנבי 43 חיפה	32.8187631	34.9926622	4.2	"{"יום שני": "8:00-20:00", "יום שלישי": "8:00-20:00", "יום רביעי": "8:00-20:00", "יום חמישי": "8:00-20:00", "יום שישי": "8:00-20:00", "יום שבת": "8:00-20:00", "יום ראשון": "סגור"}"
מסעדת הנמל 24	https://www.hanamal24.co.il/	מסעדה צרפתית	+972 4-862-8899	עומר אל כיאם 12 חיפה	32.8141222	34.9988457	4.4	"{"יום שני": "סגור", "יום שלישי": "סגור", "יום רביעי": "18:00-0:00", "יום חמישי": "18:00-0:00", "יום שישי": "13:00-15:30,18:00-0:00", "יום שבת": "13:00-15:30,18:00-0:00", "יום ראשון": "סגור"}"
מסעדת מצה	http://mazarestaurant.net/	מסעדה ים-תיכונית	+972 4-824-7399	מתחם תחנת דלק דרך רופין חיפה	32.7888442	35.002832	4.1	"{"יום שני": "8:30-21:30", "יום שלישי": "8:30-21:30", "יום רביעי": "8:30-21:30", "יום חמישי": "8:30-21:30", "יום שישי": "8:30-21:30", "יום שבת": "8:30-21:30", "יום ראשון": "10:00-18:00"}"
מסעדת שוואטינא - בת גלים	https://tabitisrael.co.il/%D7%94%D7%96%D7%9E%D7%A0%D7%AA-%D7%9E%D7%A7%D7%95%D7%9D/create-reservation?step=search	מסעדה	+972 4-833-3037	העלייה השנייה 96 חיפה	32.8313784	34.970442	4.3	"{"יום שני": "11:00-23:00", "יום שלישי": "11:00-23:00", "יום רביעי": "11:00-23:00", "יום חמישי": "11:00-23:00", "יום שישי": "11:00-23:00", "יום שבת": "11:00-23:00", "יום ראשון": "11:00-23:00"}"
מסעדת קלמאריס	https://israelbusinessguide.com/catalog/hayfa/kalamaris--haifa/	מסעדה	+972 4-831-4908	דרך סטלה מריס 100 חיפה	32.8280188	34.9700524	4.5	"{"יום שני": "12:00-23:00", "יום שלישי": "12:00-23:00", "יום רביעי": "12:00-23:00", "יום חמישי": "12:00-23:00", "יום שישי": "12:00-23:00", "יום שבת": "12:00-23:00", "יום ראשון": "12:00-23:00"}"
ג'ירף אוכל אסייתי	https://giraffe.co.il/	מסעדה אסייתית	+972 3-545-3013	131 Hanasi BLV חיפה	32.8034221	34.9869677	4.3	"{"יום שני": "12:00-22:30", "יום שלישי": "12:00-22:30", "יום רביעי": "12:00-22:30", "יום חמישי": "12:00-22:30", "יום שישי": "12:00-22:30", "יום שבת": "12:00-22:30", "יום ראשון": "12:00-22:30"}"
גולדן קוראל- Golden Coral		מסעדה ים-תיכונית	+972 4-831-4399	דרך סטלה מריס 100 חיפה	32.8280906	34.9700851	4.6	"{"יום שני": "12:15-23:00", "יום שלישי": "12:15-23:00", "יום רביעי": "12:15-23:00", "יום חמישי": "12:15-23:00", "יום שישי": "12:00-0:00", "יום שבת": "12:15-23:00", "יום ראשון": "12:15-23:00"}"
טאיפיי	https://taipei.co.il/	מסעדה סינית	+972 4-838-3800	יפה נוף 108 חיפה 3464118	32.8064284	34.9880437	3.8	"{"יום שני": "12:00-22:30", "יום שלישי": "12:00-22:30", "יום רביעי": "12:00-22:30", "יום חמישי": "12:00-22:30", "יום שישי": "12:00-22:30", "יום שבת": "12:00-22:30", "יום ראשון": "12:00-22:30"}"
מסעדת סטאר - אחים יוסף	https://restaurantguru.com/msedt-abv-ivsp-Haifa-2	מסעדה	+972 4-864-0666	שדרות המגינים 19 חיפה	32.8178117	34.9988258	4.4	"{"יום שני": "9:00-23:30", "יום שלישי": "9:00-23:30", "יום רביעי": "9:00-23:30", "יום חמישי": "9:00-23:30", "יום שישי": "9:00-23:30", "יום שבת": "9:00-23:30", "יום ראשון": "9:00-23:30"}"
Tarbush Cafe & Restaurant	https://www.facebook.com/tarbushcafferestaurant	מסעדה	+972 4-811-1017	שדרות בן גוריון 36 חיפה	32.8195762	34.9901618	3.9	"{"יום שני": "9:00-2:00", "יום שלישי": "9:00-2:00", "יום רביעי": "9:00-2:00", "יום חמישי": "9:00-2:00", "יום שישי": "9:00-2:00", "יום שבת": "9:00-2:00", "יום ראשון": "9:00-2:00"}"
ג׳פניקה חיפה | JAPANIKA HAIFA	https://www.japanika.net/branch/%D7%97%D7%99%D7%A4%D7%94/	מסעדה אסייתית	+972 3-723-6100	שדרות הנשיא 122 חיפה	32.804688	34.987641	4.1	"{"יום שני": "12:00-0:00", "יום שלישי": "12:00-0:00", "יום רביעי": "12:00-0:00", "יום חמישי": "12:00-0:00", "יום שישי": "12:00-0:00", "יום שבת": "12:00-0:00", "יום ראשון": "12:00-0:00"}"
מסעדת אבו זיד	http://www.samak.co.il/	מסעדה	+972 4-852-3419	העליה 52 חיפה	32.832289	34.978425	4.3	"{"יום שני": "12:00-22:00", "יום שלישי": "12:00-22:00", "יום רביעי": "12:00-22:00", "יום חמישי": "12:00-22:00", "יום שישי": "12:00-22:00", "יום שבת": "12:00-22:00", "יום ראשון": "12:00-22:00"}"
רפאלו	http://www.raffaello.co.il/haifa	מסעדה איטלקית	+972 4-620-8757	קניון קסטרא פלימן 8 חיפה	32.788711	34.9682782	4.5	"{"יום שני": "12:00-23:00", "יום שלישי": "12:00-23:00", "יום רביעי": "12:00-23:00", "יום חמישי": "12:00-0:00", "יום שישי": "12:00-0:00", "יום שבת": "12:00-0:00", "יום ראשון": "12:00-23:00"}"
צ'אנג בה	http://changba.co.il/	מסעדה תאילנדית	+972 4-672-2891	הנמל 23 חיפה	32.8182617	35.0010762	4.5	"{"יום שני": "12:00-22:00", "יום שלישי": "12:00-22:00", "יום רביעי": "12:00-22:00", "יום חמישי": "12:00-22:00", "יום שישי": "12:00-22:00", "יום שבת": "12:00-22:00", "יום ראשון": "12:00-22:00"}"
סינטה בר - ביסטרו בר עירוני	http://www.sinta-bar.co.il/	ביסטרו	+972 4-666-1829	נתיב האור 1 חיפה	32.7852485	34.963989	4.3	"{"יום שני": "12:00-0:00", "יום שלישי": "12:00-0:00", "יום רביעי": "12:00-0:00", "יום חמישי": "12:00-0:30", "יום שישי": "12:00-0:30", "יום שבת": "12:00-0:30", "יום ראשון": "12:00-0:00"}"
ראסיף 33	https://raseef33.co.il/	מסעדת גורמה	+972 4-663-8071	הנמל 33 חיפה 3303132	32.8189031	35.0001716	4.5	"{"יום שני": "13:00-22:00", "יום שלישי": "13:00-22:00", "יום רביעי": "13:00-22:00", "יום חמישי": "13:00-23:00", "יום שישי": "13:00-23:00", "יום שבת": "13:00-23:00", "יום ראשון": "13:00-22:00"}"
מימינו	https://mimino.delivery/	מסעדה גאורגית	+972 4-811-3399	שדרות בן גוריון 15 חיפה 3502107	32.8215537	34.9917581	4	"{"יום שני": "12:00-22:00", "יום שלישי": "12:00-22:00", "יום רביעי": "12:00-22:00", "יום חמישי": "11:00-22:00", "יום שישי": "11:00-23:00", "יום שבת": "11:00-22:00", "יום ראשון": "12:00-22:00"}"
Zebra		מסעדה	+972 77-321-2290	טשרניחובסקי 39 חיפה	32.8198992	34.9740512	4.4	"{"יום שני": "9:00-23:00", "יום שלישי": "9:00-23:00", "יום רביעי": "9:00-23:00", "יום חמישי": "9:00-23:00", "יום שישי": "9:00-23:00", "יום שבת": "9:00-23:00", "יום ראשון": "סגור"}"
Mifgash Ha'Neviim		מסעדה		23 הנביאים 25 חיפה	32.8123216	34.9950101	4.5	"{"יום שני": "10:30-21:00", "יום שלישי": "10:30-21:00", "יום רביעי": "10:30-21:00", "יום חמישי": "10:30-21:00", "יום שישי": "11:00-17:00", "יום שבת": "סגור", "יום ראשון": "10:30-21:00"}"
סנגריה	http://www.sangria-restaurant-tapas.com/	מסעדה ספרדית	+972 77-330-1067	הבנקים 5 חיפה	32.8196885	34.996901	4.6	"{"יום שני": "סגור", "יום שלישי": "16:00-22:30", "יום רביעי": "16:00-22:30", "יום חמישי": "16:00-22:30", "יום שישי": "12:00-22:30", "יום שבת": "12:00-22:30", "יום ראשון": "16:00-22:30"}"
איזבלה	http://isabelabar.rest.co.il/	מסעדה	+972 53-944-3415	מחניים 8 חיפה	32.803735	34.985765	4.1	"{"יום שני": "12:00-21:00", "יום שלישי": "12:00-21:00", "יום רביעי": "12:00-21:00", "יום חמישי": "12:00-22:00", "יום שישי": "12:00-22:00", "יום שבת": "12:00-21:00", "יום ראשון": "סגור"}"
אגאדיר חיפה	http://www.agadir.co.il/	מסעדת המבורגרים	+972 3-711-3333	דוד פינסקי 6 חיפה	32.802066	34.983086	4.1	"{"יום שני": "12:00-0:00", "יום שלישי": "12:00-0:00", "יום רביעי": "12:00-0:00", "יום חמישי": "12:00-0:00", "יום שישי": "12:00-0:00", "יום שבת": "12:00-0:00", "יום ראשון": "12:00-0:00"}"
מסעדת קצבים Colony Grill	https://tabitisrael.co.il/%D7%94%D7%96%D7%9E%D7%A0%D7%AA-%D7%9E%D7%A7%D7%95%D7%9D/create-reservation?step=search	מסעדת בשרים	+972 4-855-2555	דרך אלנבי 56 חיפה	32.8187542	34.9893075	4.5	"{"יום שני": "12:00-22:00", "יום שלישי": "12:00-22:00", "יום רביעי": "12:00-22:00", "יום חמישי": "12:00-22:00", "יום שישי": "12:00-22:00", "יום שבת": "12:00-22:00", "יום ראשון": "12:00-22:00"}"
מסעדת מירבלה Mirabella	https://www.mirabellla.com/	מסעדה	+972 4-833-3380	שדרות בן גוריון 40 חיפה 3502333	32.8190876	34.9896929	4.1	"{"יום שני": "9:00-1:30", "יום שלישי": "9:00-1:30", "יום רביעי": "9:00-1:30", "יום חמישי": "9:00-1:30", "יום שישי": "9:00-2:30", "יום שבת": "9:00-2:30", "יום ראשון": "9:00-1:30"}"
אליקה	https://www.facebook.com/elika.artbarcafe	בית קפה	+972 4-864-3274	מסדה 24 חיפה	32.8098542	34.9930835	4.5	"{"יום שני": "7:00-1:00", "יום שלישי": "7:00-1:00", "יום רביעי": "7:00-1:00", "יום חמישי": "7:00-1:00", "יום שישי": "7:00-1:00", "יום שבת": "7:00-1:00", "יום ראשון": "7:00-1:00"}"
נירוונה פרש קיטשן	https://nirvanabeach.co.il/	מסעדה	+972 4-850-1444	חוף דדו דוד אלעזר 2 חיפה	32.8004608	34.9564781	4.2	"{"יום שני": "9:00-23:00", "יום שלישי": "9:00-23:00", "יום רביעי": "9:00-23:00", "יום חמישי": "9:00-23:00", "יום שישי": "8:30-0:00", "יום שבת": "8:30-0:00", "יום ראשון": "9:00-23:00"}"
יאן יאן	https://yanyan.co.il/	מסעדה סינית	+972 4-866-0022	דרך יפו 26 חיפה	32.8191469	34.9986286	4.2	"{"יום שני": "סגור", "יום שלישי": "12:00-22:00", "יום רביעי": "12:00-22:00", "יום חמישי": "12:00-22:00", "יום שישי": "12:00-22:00", "יום שבת": "12:00-22:00", "יום ראשון": "12:00-22:00"}"
קפה גלידה יונק מסעדה רומנית	http://www.glida.com/	מסעדה רומנית	+972 4-866-7929	קיבוץ גלויות 23 חיפה	32.8103652	35.0044828	4.4	"{"יום שני": "11:30-21:00", "יום שלישי": "11:30-21:00", "יום רביעי": "11:30-21:00", "יום חמישי": "11:30-21:00", "יום שישי": "11:30-17:00", "יום שבת": "סגור", "יום ראשון": "11:30-21:00"}"
ליבירה	https://libira.co.il/	מסעדה	+972 4-374-0251	הנמל 26 חיפה	32.8192117	35.0005629	4.3	"{"יום שני": "12:00-23:00", "יום שלישי": "12:00-23:00", "יום רביעי": "12:00-23:00", "יום חמישי": "12:00-0:30", "יום שישי": "12:00-1:00", "יום שבת": "12:00-23:00", "יום ראשון": "12:00-23:00"}"
Chill Meal Haifa		מסעדת גורמה	+972 4-907-9797	הנמל 27 חיפה 3303127	32.8184404	35.0008502	4.6	"{"יום שני": "8:00-2:00", "יום שלישי": "8:00-2:00", "יום רביעי": "8:00-2:00", "יום חמישי": "8:00-2:00", "יום שישי": "8:00-2:00", "יום שבת": "8:00-2:00", "יום ראשון": "8:00-2:00"}"
סטקיית הבוקרים חיפה	http://www.habokrim.rest.co.il/	סטקייה	+972 4-850-1111	תחנת דלק פז Kdoshey Yassi St 1 3508201	32.790615	34.9639739	4.3	"{"יום שני": "12:00-22:00", "יום שלישי": "12:00-22:00", "יום רביעי": "12:00-22:00", "יום חמישי": "12:00-22:00", "יום שישי": "12:00-23:00", "יום שבת": "12:00-22:00", "יום ראשון": "12:00-22:00"}"
תלפיות	https://talpiot.kitchen/	מסעדת מאכלי ים	+972 4-699-2296	סירקין 28 חיפה	32.8093105	35.0011662	4.3	"{"יום שני": "12:30-22:30", "יום שלישי": "12:30-22:30", "יום רביעי": "12:30-22:30", "יום חמישי": "12:30-22:30", "יום שישי": "12:30-17:30", "יום שבת": "סגור", "יום ראשון": "12:30-22:30"}"
ביסטרו בר ים	https://ontopo.co.il/bar-yam?source=google	מסעדה	+972 74-741-9386	הנמל 21 חיפה 3303121	32.8181779	35.0012519	4.6	"{"יום שני": "סגור", "יום שלישי": "סגור", "יום רביעי": "18:00-23:00", "יום חמישי": "18:00-23:00", "יום שישי": "18:00-23:00", "יום שבת": "18:00-23:00", "יום ראשון": "סגור"}"
Rive west ריב ווסט	https://rivewest.co.il/	מסעדה	+972 50-909-0556	דרך יפו 48 חיפה 3341208	32.820439	34.9964747	4.7	"{"יום שני": "18:00-23:00", "יום שלישי": "18:00-23:00", "יום רביעי": "18:00-23:00", "יום חמישי": "12:00-23:30", "יום שישי": "10:00-23:30", "יום שבת": "10:00-23:00", "יום ראשון": "סגור"}"
חומוס אלשאם	https://www.facebook.com/%D7%97%D7%95%D7%9E%D7%95%D7%A1-%D7%90%D7%9C%D7%A9%D7%90%D7%9D-%D8%AD%D9%85%D8%B5-%D8%A7%D9%84%D8%B4%D8%A7%D9%85-hummus-elsham-1801180406832732/	מסעדה	+972 4-838-2520	ואדי 21 חיפה	32.8170166	34.99385	4.8	"{"יום שני": "8:00-16:00", "יום שלישי": "8:00-16:00", "יום רביעי": "8:00-16:00", "יום חמישי": "8:00-16:00", "יום שישי": "8:00-15:00", "יום שבת": "8:00-16:00", "יום ראשון": "סגור"}"
מנהטן דיינר	http://www.manhattanisrael.com/	מסעדה	+972 77-635-0073	קדושי בגדד 34 חיפה	32.8204302	35.0000006	4.6	"{"יום שני": "11:00-23:00", "יום שלישי": "11:00-23:00", "יום רביעי": "11:00-23:00", "יום חמישי": "11:00-2:45", "יום שישי": "11:00-2:45", "יום שבת": "סגור", "יום ראשון": "11:00-23:00"}"
אלבית ביתק	https://www.haaretz.co.il/food/restaurant-guide/.premium-MAGAZINE-1.6511633	מסעדה	+972 54-575-9288	יוחנן הקדוש 34 חיפה	32.8167241	34.9940949	4.5	"{"יום שני": "7:30-17:30", "יום שלישי": "7:30-17:30", "יום רביעי": "7:30-17:30", "יום חמישי": "7:30-17:30", "יום שישי": "7:30-17:30", "יום שבת": "7:30-17:30", "יום ראשון": "סגור"}"
Ewar restaurant מסעדת בשרים בחיפה	https://israelbusinessguide.com/catalog/hayfa/ewar_restaurant___/	מסעדה	+972 53-941-5294	coral building David Elazar St 10 Haifa 3508107	32.8059388	34.9566327	4.1	"{"יום שני": "12:00-0:00", "יום שלישי": "12:00-0:00", "יום רביעי": "12:00-0:00", "יום חמישי": "12:00-0:00", "יום שישי": "12:00-0:00", "יום שבת": "12:00-0:00", "יום ראשון": "12:00-0:00"}"
מסעדת האם נבילה	https://www.facebook.com/pg/%D7%9E%D7%A1%D7%A2%D7%93%D7%AA-%D7%94%D7%90%D7%9D-%D7%A0%D7%91%D7%99%D7%9C%D7%94-550290761694377/about/?ref=page_internal	מסעדה לבנונית	+972 4-852-1792	תל אביב 1 חיפה	32.8244255	34.9898823	4.3	"{"יום שני": "8:00-15:30", "יום שלישי": "8:00-15:30", "יום רביעי": "8:00-15:30", "יום חמישי": "8:00-15:30", "יום שישי": "8:00-15:30", "יום שבת": "8:00-17:00", "יום ראשון": "8:00-15:30"}"
חומוס אבו שאקר	https://israelbusinessguide.com/catalog/hayfa/abu_shaker/	מסעדה מזרח תיכונית	+972 54-446-6181	שדרות המגינים 29 חיפה	32.817982	34.9984157	4.4	"{"יום שני": "7:00-18:00", "יום שלישי": "7:00-18:00", "יום רביעי": "7:00-18:00", "יום חמישי": "7:00-18:00", "יום שישי": "7:00-18:00", "יום שבת": "7:00-18:00", "יום ראשון": "7:00-18:00"}"
מסעדת קינגדום	http://www.cmenu.co.il/menu/index.asp?castID=12967	מסעדה	+972 4-613-7774	שדרות בן גוריון 46 חיפה	32.818437	34.9893057	4.1	"{"יום שני": "12:00-0:00", "יום שלישי": "12:00-0:00", "יום רביעי": "12:00-0:00", "יום חמישי": "12:00-0:00", "יום שישי": "12:00-0:00", "יום שבת": "12:00-0:00", "יום ראשון": "12:00-0:00"}"
פלאפל אוריון	https://rani98od.wixsite.com/falafelorion	מסעדת פלאפל	+972 52-805-5532	הרצליה 14 חיפה	32.8126684	34.9932052	4.4	"{"יום שני": "9:00-0:00", "יום שלישי": "9:00-0:00", "יום רביעי": "9:00-0:00", "יום חמישי": "9:00-0:00", "יום שישי": "9:00-0:00", "יום שבת": "9:00-0:00", "יום ראשון": "9:00-0:00"}"
שווארמה חאזן	https://www.facebook.com/ShawarmaKhazan	מסעדת שווארמה	+972 4-855-8075	דרך יפו 140 חיפה	32.8270507	34.9873191	4.3	"{"יום שני": "10:00-22:00", "יום שלישי": "10:00-22:00", "יום רביעי": "10:00-22:00", "יום חמישי": "10:00-22:00", "יום שישי": "10:00-22:00", "יום שבת": "10:00-22:00", "יום ראשון": "סגור"}"
פאפיאנו חיפה	https://papiano.co.il/	מסעדה כשרה	+972 77-805-1976	אוסקר שינדלר 7 חיפה	32.7669398	35.0130596	4.8	"{"יום שני": "12:00-22:00", "יום שלישי": "12:00-22:00", "יום רביעי": "12:00-22:00", "יום חמישי": "12:00-23:00", "יום שישי": "סגור", "יום שבת": "19:00-22:00", "יום ראשון": "12:00-22:00"}"
פיצה לינגה	http://www.pizzalinga.com/	פיצרייה	+972 4-676-0244	Derech Jaffa 40 Haifa 3326111	32.8196128	34.997364	4.5	"{"יום שני": "12:00-23:00", "יום שלישי": "12:00-23:00", "יום רביעי": "12:00-23:00", "יום חמישי": "12:00-0:00", "יום שישי": "12:00-0:00", "יום שבת": "12:00-0:00", "יום ראשון": "12:00-23:00"}"
ששון הבר באחוזה	http://www.sasson-bar.co.il/	מסעדה	+972 4-630-6234	חורב 10 חיפה 3434114	32.7857389	34.9857333	4.3	"{"יום שני": "12:00-0:00", "יום שלישי": "12:00-0:00", "יום רביעי": "12:00-0:00", "יום חמישי": "12:00-0:00", "יום שישי": "12:00-0:00", "יום שבת": "12:00-0:00", "יום ראשון": "12:00-0:00"}"
Millhouse Café	http://millhousehaifa.com/	בית קפה	+972 4-887-1181	שדרות בת גלים 14 חיפה	32.8323312	34.9777078	4.6	"{"יום שני": "9:00-16:00", "יום שלישי": "9:00-16:00", "יום רביעי": "9:00-16:00", "יום חמישי": "9:00-16:00", "יום שישי": "9:00-16:00", "יום שבת": "9:00-16:00", "יום ראשון": "סגור"}"
Restaurant Bogema Haifa	https://israelbusinessguide.com/catalog/hayfa/restoran_bogema_hayfa/	מסעדה	+972 54-442-2396	שדרות ההסתדרות 31 חיפה	32.7910192	35.0330118	4.2	"{"יום שני": "0:00-22:00", "יום שלישי": "0:00-22:00", "יום רביעי": "0:00-22:00", "יום חמישי": "9:00-22:00", "יום שישי": "20:00-2:00", "יום שבת": "9:00-18:00", "יום ראשון": "סגור"}"
חומוס ברדיצ'ב	https://hummusbardichev.co.il/	מסעדת מזון מהיר	+972 4-657-4132	שדרות הנשיא 139 חיפה 3457127	32.802621	34.985438	4.6	"{"יום שני": "11:00-20:00", "יום שלישי": "11:00-20:00", "יום רביעי": "11:00-20:00", "יום חמישי": "11:00-21:00", "יום שישי": "9:00-14:30", "יום שבת": "סגור", "יום ראשון": "11:00-20:00"}"
חאלד עדוי	https://www.khaled-adawi.co.il/	מסעדה ישראלית	+972 4-832-2924	תחנת דלק סונול רב אלוף יעקב דורי 20 חיפה	32.781494	35.0242428	4	"{"יום שני": "9:00-20:00", "יום שלישי": "9:00-20:00", "יום רביעי": "9:00-20:00", "יום חמישי": "9:00-20:00", "יום שישי": "9:00-20:00", "יום שבת": "9:00-20:00", "יום ראשון": "10:00-18:00"}"
לנדוור	https://www.landwercafe.co.il/	בית קפה	+972 4-600-0330	שדרות הנשיא 134 חיפה	32.8032559	34.9856884	3.8	"{"יום שני": "8:00-23:00", "יום שלישי": "8:00-23:00", "יום רביעי": "8:00-23:00", "יום חמישי": "8:00-0:00", "יום שישי": "8:00-2:00", "יום שבת": "8:00-0:00", "יום ראשון": "8:00-23:00"}"
נאופוליטן	https://tabitisrael.co.il/site/neopolitan	מסעדה	+972 4-616-6950	הנמל 37 חיפה	32.8192131	35.0002983	4.7	"{"יום שני": "18:00-22:30", "יום שלישי": "18:00-22:30", "יום רביעי": "סגור", "יום חמישי": "18:00-22:30", "יום שישי": "12:00-16:00", "יום שבת": "18:00-22:30", "יום ראשון": "18:00-22:30"}"
פרנג'ליקו	https://frangelicobar.com/branches/moshava/	מסעדת סושי	+972 4-638-4480	שדרות בן גוריון 22 חיפה	32.8211413	34.9909322	3.6	"{"יום שני": "12:00-23:30", "יום שלישי": "12:00-23:30", "יום רביעי": "12:00-23:30", "יום חמישי": "12:00-23:30", "יום שישי": "12:00-0:00", "יום שבת": "12:00-0:00", "יום ראשון": "12:00-23:30"}"
Eataliano Deli Caffe - איטליאנו דלי קפה 046601011	https://tabitisrael.co.il/%D7%94%D7%96%D7%9E%D7%A0%D7%AA-%D7%9E%D7%A7%D7%95%D7%9D/create-reservation?step=search	מסעדה איטלקית	+972 4-660-1011	שדרות הנשיא 109 חיפה 3464103	32.8062584	34.987423	4.6	"{"יום שני": "9:00-22:30", "יום שלישי": "9:00-22:00", "יום רביעי": "9:00-22:30", "יום חמישי": "9:00-22:30", "יום שישי": "8:30-23:00", "יום שבת": "8:30-23:00", "יום ראשון": "9:00-22:30"}"
Wine and Sushi / Wine Bar & Restaurant / Haifa Downtown	http://winesushi.co.il/	מסעדת סושי	+972 53-831-8888	קהילת סלוניקי 12 חיפה 3216814	32.8183537	34.9992958	4.3	"{"יום שני": "17:00-22:00", "יום שלישי": "17:00-22:00", "יום רביעי": "17:00-22:00", "יום חמישי": "17:00-23:45", "יום שישי": "17:00-23:45", "יום שבת": "17:00-22:00", "יום ראשון": "17:00-22:00"}"
פיצרייה תלפיות	https://www.facebook.com/pages/category/Italian-Restaurant/Pizzeria-Talpiot-215868745998195/	מסעדה	+972 4-907-1727	סירקין 32 אל כניסה 8 חיפה	32.8089761	35.0014587	4.4	"{"יום שני": "17:00-23:00", "יום שלישי": "17:00-23:00", "יום רביעי": "17:00-23:00", "יום חמישי": "17:00-23:00", "יום שישי": "12:00-16:00,18:00-23:00", "יום שבת": "סגור", "יום ראשון": "סגור"}"
מסעדת דגים		מסעדה		א.ל. זיסו 26 חיפה	32.8276607	34.987104	4	"{"יום שני": "12:00-22:00", "יום שלישי": "12:00-22:00", "יום רביעי": "12:00-22:00", "יום חמישי": "12:00-22:00", "יום שישי": "12:00-22:00", "יום שבת": "12:00-22:00", "יום ראשון": "12:00-22:00"}"
הדיוק - בר מסעדה	http://www.duke-pub.co.il/	מסעדה	+972 4-834-7282	שדרות מוריה 107 חיפה	32.7896145	34.9868635	4.5	"{"יום שני": "12:00-1:00", "יום שלישי": "12:00-1:00", "יום רביעי": "12:00-1:00", "יום חמישי": "12:00-2:00", "יום שישי": "12:00-2:00", "יום שבת": "12:00-1:00", "יום ראשון": "12:00-1:00"}"
מדרובה	https://www.madruba.co.il/	מסעדה	+972 4-606-0350	שדרות הנשיא 135 חיפה	32.8028523	34.9862937	4.7	"{"יום שני": "17:00-0:00", "יום שלישי": "17:00-0:00", "יום רביעי": "17:00-0:00", "יום חמישי": "17:00-0:00", "יום שישי": "17:00-0:00", "יום שבת": "17:00-0:00", "יום ראשון": "17:00-0:00"}"
Shaltieli - שאלתיאלי		מסעדה כשרה	+972 4-855-0393	יוחאי בן נון 6 חיפה	32.7933492	34.956149	4.2	"{"יום שני": "12:00-0:00", "יום שלישי": "12:00-0:00", "יום רביעי": "12:00-0:00", "יום חמישי": "12:00-1:00", "יום שישי": "סגור", "יום שבת": "19:00-0:30", "יום ראשון": "12:00-0:00"}"
80's burger		מסעדת המבורגרים		יפה נוף 80 חיפה	32.8076838	34.9870227	4.2	"{"יום שני": "סגור", "יום שלישי": "12:00-23:00", "יום רביעי": "12:00-23:00", "יום חמישי": "12:00-23:00", "יום שישי": "12:00-23:00", "יום שבת": "סגור", "יום ראשון": "12:00-23:00"}"
בר סטלה	https://stellabar.co.il/	בר וגריל	+972 4-811-2000	הירקון 1 חיפה	32.7960417	34.9842368	4.3	"{"יום שני": "12:00-23:00", "יום שלישי": "12:00-23:00", "יום רביעי": "12:00-23:00", "יום חמישי": "12:00-23:00", "יום שישי": "12:00-23:00", "יום שבת": "12:00-23:00", "יום ראשון": "12:00-23:00"}"
פיצה דאלי - Pizza Dali	https://pizzadali.co.il/	פיצרייה	+972 4-862-3623	IL 3326518 שדרות המגינים 53 חיפה	32.8196868	34.99477	4.1	"{"יום שני": "12:00-0:00", "יום שלישי": "12:00-0:00", "יום רביעי": "12:00-0:00", "יום חמישי": "12:00-0:00", "יום שישי": "12:00-0:00", "יום שבת": "12:00-0:00", "יום ראשון": "12:00-0:00"}"
פלאפל מישל עיר תחתית Falafel Michel	https://www.facebook.com/MichelFalafel	מסעדה	+972 52-428-8685	דרך יפו 39 חיפה	32.819933	34.9967876	4.6	"{"יום שני": "10:00-18:00", "יום שלישי": "10:00-18:00", "יום רביעי": "10:00-18:00", "יום חמישי": "10:00-18:00", "יום שישי": "10:00-15:30", "יום שבת": "סגור", "יום ראשון": "10:00-18:00"}"
דרים נמו	http://www.dreamnemo.co.il/	מסעדת מאכלי ים	+972 4-855-5012	שדרות בן גוריון 45 חיפה 35021	32.8189396	34.9900684	4.3	"{"יום שני": "12:00-22:00", "יום שלישי": "12:00-22:00", "יום רביעי": "12:00-22:00", "יום חמישי": "12:00-22:00", "יום שישי": "12:00-22:00", "יום שבת": "12:00-22:00", "יום ראשון": "סגור"}"
מסעדת מאמאליגה	https://www.rest.co.il/rest/80192174/	מסעדה	+972 77-561-7468	הבנקים 1 חיפה	32.8202855	34.9974204	4.2	"{"יום שני": "סגור", "יום שלישי": "12:30-17:00", "יום רביעי": "12:30-17:00", "יום חמישי": "12:30-17:00", "יום שישי": "12:00-16:00", "יום שבת": "12:30-17:00", "יום ראשון": "12:30-17:00"}"
אלדיאר	http://www.2eat.co.il/aldiyar-new/	מסעדה	+972 53-944-1195	שדרות בן גוריון 55 חיפה	32.8181318	34.9894131	4.3	"{"יום שני": "12:00-23:00", "יום שלישי": "12:00-23:00", "יום רביעי": "12:00-23:00", "יום חמישי": "12:00-0:00", "יום שישי": "12:00-1:00", "יום שבת": "12:00-0:00", "יום ראשון": "12:00-23:00"}"
SKETCH	https://instagram.com/sketch_haifa	בית קפה	+972 4-610-0101	סמי עופר פנחס ואברהם רוטנברג 2 חניון P1 חיפה	32.7835344	34.9644335	4.1	"{"יום שני": "10:00-21:00", "יום שלישי": "10:00-21:00", "יום רביעי": "10:00-21:00", "יום חמישי": "10:00-21:00", "יום שישי": "9:00-21:00", "יום שבת": "9:00-21:00", "יום ראשון": "10:00-21:00"}"
חומוס ברדיצ'ב תלפיות- כשר	https://hummusbardichev.co.il/	מסעדה כשרה	+972 4-867-5252	סירקין 27 חיפה 3311514	32.8094557	35.0010366	4.7	"{"יום שני": "10:00-16:00", "יום שלישי": "10:00-16:00", "יום רביעי": "10:00-16:00", "יום חמישי": "10:00-18:00", "יום שישי": "9:00-14:30", "יום שבת": "סגור", "יום ראשון": "10:00-16:00"}"
עייש אלסראיא	https://www.facebook.com/%D7%A2%D7%99%D7%99%D7%A9-%D7%90%D7%9C%D7%A1%D7%A8%D7%90%D7%99%D7%90-1971628063071320/	מסעדה	+972 52-552-9551	י.ל. פרץ 11 חיפה	32.8148193	34.9956932	4.7	"{"יום שני": "8:00-16:30", "יום שלישי": "8:00-16:30", "יום רביעי": "8:00-16:30", "יום חמישי": "8:00-16:30", "יום שישי": "8:00-16:30", "יום שבת": "סגור", "יום ראשון": "8:00-16:30"}"
התאילנדית בשוק	https://instagram.com/thethaimarket?igshid=YmMyMTA2M2Y=	מסעדה תאילנדית		לונץ 4 חיפה	32.8082188	35.0019028	4.7	"{"יום שני": "12:00-16:45,18:00-22:00", "יום שלישי": "12:00-16:45,18:00-22:00", "יום רביעי": "12:00-16:45,18:00-22:00", "יום חמישי": "12:00-16:45,18:00-22:00", "יום שישי": "12:00-16:00", "יום שבת": "סגור", "יום ראשון": "סגור"}"
מוריה	https://www.moria105.com/	מסעדה טבעונית	+972 4-825-2014	שדרות מוריה 105 חיפה 3461632	32.7904654	34.9866915	4.3	"{"יום שני": "12:00-21:00", "יום שלישי": "12:00-21:00", "יום רביעי": "12:00-21:00", "יום חמישי": "12:00-21:00", "יום שישי": "12:00-16:00", "יום שבת": "17:00-21:00", "יום ראשון": "12:00-21:00"}"
אצל יוסי	https://israelbusinessguide.com/catalog/hayfa/ezel_yosi/	מסעדה	+972 54-311-1302	David Elazar St. חיפה	32.7952116	34.9561507	3.9	"{"יום שני": "11:00-22:30", "יום שלישי": "11:00-22:30", "יום רביעי": "11:00-22:30", "יום חמישי": "11:00-22:30", "יום שישי": "11:00-22:30", "יום שבת": "11:00-22:30", "יום ראשון": "11:00-22:30"}"
באסל בורגר חיפה	https://basel.mrest.co.il/	מסעדת מזון מהיר	+972 4-881-6122	שדרות המגינים 27 חיפה 3309174	32.8179428	34.9985612	4	"{"יום שני": "11:00-0:00", "יום שלישי": "11:00-0:00", "יום רביעי": "11:00-0:00", "יום חמישי": "11:00-0:00", "יום שישי": "11:00-0:00", "יום שבת": "11:00-0:00", "יום ראשון": "11:00-0:00"}"
מסעדת רפי	https://www.rest.co.il/rest/30812700/	מסעדה	+972 4-864-3707	את חוף שמן אופיר 31 חיפה	32.8068491	35.0161897	4.1	"{"יום שני": "7:30-17:00", "יום שלישי": "7:30-17:00", "יום רביעי": "7:30-17:00", "יום חמישי": "7:30-17:00", "יום שישי": "7:30-14:30", "יום שבת": "סגור", "יום ראשון": "7:30-17:00"}"
מסעדת טוביה		מסעדה	+972 4-841-5768	מרדכי מקלף 22 חיפה	32.7874104	35.0311283	4.3	"{"יום שני": "8:00-17:00", "יום שלישי": "8:00-17:00", "יום רביעי": "8:00-17:00", "יום חמישי": "8:00-17:00", "יום שישי": "8:00-17:00", "יום שבת": "סגור", "יום ראשון": "8:00-17:00"}"
Cinema paradiso	http://www.cinemaparadiso.co.il/	מסעדה	+972 77-724-2093	חוף זמיר חיפה	32.7971335	34.9564031	3.4	"{"יום שני": "16:00-22:00", "יום שלישי": "16:00-22:00", "יום רביעי": "16:00-22:00", "יום חמישי": "12:00-23:30", "יום שישי": "12:00-23:30", "יום שבת": "12:00-23:30", "יום ראשון": "סגור"}"
Vareniks	https://instagram.com/varenikshaifa	מסעדה מזרח אירופאית	+972 54-886-7993	בלפור 2 חיפה	32.8108111	34.9976328	4.7	"{"יום שני": "11:00-18:00", "יום שלישי": "11:00-18:00", "יום רביעי": "11:00-18:00", "יום חמישי": "11:00-18:00", "יום שישי": "11:00-18:00", "יום שבת": "11:00-18:00", "יום ראשון": "סגור"}"
ארטו	https://artorest.co.il/restaurant-page/	מסעדת מנות בשריות	+972 53-549-5133	מרכז הקונגרסים קדושי יאסי 2 חיפה	32.7910579	34.9648533	3.4	"{"יום שני": "18:00-3:00", "יום שלישי": "18:00-3:00", "יום רביעי": "18:00-3:00", "יום חמישי": "18:00-3:00", "יום שישי": "18:00-3:00", "יום שבת": "18:00-3:00", "יום ראשון": "18:00-3:00"}"
אלף חיפה- Alf Haifa	https://www.facebook.com/ALFpubfromanotherplanet/	בר	+972 50-750-1324	דרך יפו 44 חיפה	32.8199431	34.9969479	4.3	"{"יום שני": "סגור", "יום שלישי": "21:00-2:00", "יום רביעי": "21:00-2:00", "יום חמישי": "21:00-4:00", "יום שישי": "21:00-4:00", "יום שבת": "21:00-2:00", "יום ראשון": "סגור"}"
מסעדת חנוך	http://matan28280.wixsite.com/hanoch	מסעדה	+972 4-842-4466	שדרות דגניה 3 חיפה 26212	32.8271827	35.0612525	4.5	"{"יום שני": "11:30-19:30", "יום שלישי": "11:30-19:30", "יום רביעי": "11:30-19:30", "יום חמישי": "11:30-19:30", "יום שישי": "11:30-18:00", "יום שבת": "11:30-18:00", "יום ראשון": "11:30-18:00"}"
מסעדת אבו יוסף		מסעדה	+972 54-681-3803	המסעדה צמודה למסילת הרכבת זיסו 29 חיפה 3525249	32.8276957	34.9874561	4.1	"{"יום שני": "8:00-18:00", "יום שלישי": "8:00-18:00", "יום רביעי": "8:00-18:00", "יום חמישי": "8:00-18:00", "יום שישי": "8:00-18:00", "יום שבת": "8:00-18:00", "יום ראשון": "סגור"}"
Tapa.bar haifa	https://tbit.be/mJ8yjK	מסעדה	+972 4-314-4111	הגפן 26 פינת בן גוריון 50 חיפה 33555	32.8176472	34.9884918	3.3	"{"יום שני": "17:00-23:00", "יום שלישי": "17:00-23:30", "יום רביעי": "17:00-23:30", "יום חמישי": "17:00-23:30", "יום שישי": "12:00-23:30", "יום שבת": "12:00-23:30", "יום ראשון": "17:00-23:30"}"
מסעדת לב הגליל		מסעדה	+972 4-850-1007	שדרות ההגנה 20 חיפה	32.803219	34.9583922	4	"{"יום שני": "11:01-22:00", "יום שלישי": "11:01-22:00", "יום רביעי": "11:01-22:00", "יום חמישי": "11:01-22:00", "יום שישי": "11:01-22:00", "יום שבת": "11:01-22:00", "יום ראשון": "11:01-22:00"}"
ארקפה בייקרי	http://arcaffe.co.il/	בית קפה	+972 4-864-0358	אוסקר שינדלר 7 חיפה 3499604	32.7668647	35.013256	4.1	"{"יום שני": "7:00-22:00", "יום שלישי": "7:00-22:00", "יום רביעי": "7:00-22:00", "יום חמישי": "7:00-22:00", "יום שישי": "7:00-22:00", "יום שבת": "8:00-22:00", "יום ראשון": "7:00-22:00"}"
פלאפל מישל	https://www.facebook.com/MichelFalafel	מסעדת פלאפל	+972 4-851-7054	ואדי 21 חיפה	32.8171639	34.9938698	4.6	"{"יום שני": "9:00-18:00", "יום שלישי": "9:00-18:00", "יום רביעי": "9:00-18:00", "יום חמישי": "9:00-18:00", "יום שישי": "9:00-18:00", "יום שבת": "9:00-18:00", "יום ראשון": "סגור"}"
בית הפיצה		פיצרייה	+972 4-811-3035	יוכבד 18 חיפה 3467461	32.7957095	34.9898866	4.6	"{"יום שני": "10:00-23:00", "יום שלישי": "10:00-23:00", "יום רביעי": "10:00-23:00", "יום חמישי": "10:00-23:00", "יום שישי": "9:30-15:00", "יום שבת": "20:00-23:00", "יום ראשון": "10:00-23:00"}"
פסטה בסטה	https://pastabasta.co.il/haifa/	מסעדה איטלקית	+972 4-820-0944	שדרות מוריה 12 חיפה	32.8016594	34.9834556	4.3	"{"יום שני": "11:30-22:00", "יום שלישי": "11:30-22:00", "יום רביעי": "11:30-22:00", "יום חמישי": "11:30-22:00", "יום שישי": "11:30-15:00", "יום שבת": "11:30-22:00", "יום ראשון": "11:30-22:00"}"
חומוסיית הקונגרסים	https://m.facebook.com/%D7%97%D7%95%D7%9E%D7%95%D7%A1%D7%99%D7%99%D7%AA-%D7%90%D7%91%D7%95-%D7%9E%D7%A8%D7%95%D7%9F-%D7%9E%D7%A8%D7%9B%D7%96-%D7%94%D7%A7%D7%95%D7%A0%D7%92%D7%A8%D7%A1%D7%99%D7%9D-106535520763016/	מסעדה מזרח תיכונית	+972 54-925-5344	מרכז הקונגרסים קדושי יאסי 2 חיפה	32.791975	34.9650393	4.3	"{"יום שני": "9:00-16:00", "יום שלישי": "9:00-16:00", "יום רביעי": "9:00-16:00", "יום חמישי": "9:00-16:00", "יום שישי": "9:00-16:00", "יום שבת": "9:00-16:00", "יום ראשון": "סגור"}"
בורגר סאלון	http://burgersaloon.co.il/	מסעדת המבורגרים	+972 1-700-705-715	"היכל הספורט רוממה דרך פיק"א 69 חיפה"	32.7874183	34.9972572	4.4	"{"יום שני": "11:00-23:00", "יום שלישי": "11:00-23:00", "יום רביעי": "11:00-23:00", "יום חמישי": "11:00-23:00", "יום שישי": "11:00-23:00", "יום שבת": "11:00-23:00", "יום ראשון": "11:00-23:00"}"
מנדרין גרנד קניון	https://www.mandarin.org.il/branches/grand	מסעדה	+972 4-812-0777	גרנד קניון דרך שמחה גולן 54 חיפה	32.7897693	35.0080075	3.8	"{"יום שני": "9:00-22:00", "יום שלישי": "9:00-22:00", "יום רביעי": "9:00-22:00", "יום חמישי": "9:00-22:00", "יום שישי": "9:00-15:00", "יום שבת": "20:00-23:00", "יום ראשון": "9:00-22:00"}"
קפטן בורגר חיפה (כשר למהדרין)	https://www.captainb.co.il/	מסעדת המבורגרים	+972 77-363-0168	שדרות טרומפלדור 53 חיפה	32.7826417	35.0144136	4	"{"יום שני": "11:00-23:00", "יום שלישי": "11:00-23:00", "יום רביעי": "11:00-23:00", "יום חמישי": "11:00-0:00", "יום שישי": "11:00-15:00", "יום שבת": "18:00-0:00", "יום ראשון": "11:00-23:00"}"
סמאש בורגר חיפה	https://tabitisrael.co.il/tabit-order?siteName=smashburger	מסעדת המבורגרים	+972 77-998-4703	נתנזון 9 חיפה	32.81817	34.9991966	3.9	"{"יום שני": "12:00-1:00", "יום שלישי": "12:00-1:00", "יום רביעי": "12:00-1:00", "יום חמישי": "12:00-1:00", "יום שישי": "12:00-1:00", "יום שבת": "12:00-1:00", "יום ראשון": "12:00-1:00"}"
Рыбный ресторан		מסעדה		דרך יפו 146 חיפה	32.8275046	34.9868725	3.9	"{"יום שני": "12:00-21:00", "יום שלישי": "12:00-21:00", "יום רביעי": "12:00-21:00", "יום חמישי": "12:00-21:00", "יום שישי": "12:00-21:00", "יום שבת": "12:00-21:00", "יום ראשון": "12:00-21:00"}"
סינטה בר אקספרס - חיפה	http://www.sinta-express.co.il/	מסעדת המבורגרים	+972 4-660-1235	איינשטיין 139 חיפה 3460177	32.7775103	35.0000117	4.1	"{"יום שני": "11:00-23:00", "יום שלישי": "11:00-23:00", "יום רביעי": "11:00-23:00", "יום חמישי": "11:00-23:00", "יום שישי": "11:00-23:00", "יום שבת": "11:00-23:00", "יום ראשון": "11:00-23:00"}"
Sushi avenue Суши Авеню Хайфа	http://www.avenuedelivery.co.il/	סושי טייק אוויי	+972 4-900-0404	הנביאים 31 חיפה	32.811892	34.9945641	4.5	"{"יום שני": "12:00-23:00", "יום שלישי": "12:00-23:00", "יום רביעי": "12:00-23:00", "יום חמישי": "12:00-23:00", "יום שישי": "12:00-23:00", "יום שבת": "12:00-23:00", "יום ראשון": "12:00-23:00"}"
שווארמה גנאם עספור 19		מסעדה	+972 4-858-8288	עספור 19 חיפה	32.8200857	34.9935744	4.6	"{"יום שני": "11:00-22:00", "יום שלישי": "11:00-22:00", "יום רביעי": "11:00-22:00", "יום חמישי": "11:00-22:00", "יום שישי": "11:00-22:00", "יום שבת": "11:00-22:00", "יום ראשון": "11:00-22:00"}"
Martha Deli		מסעדה	+972 4-600-2055	שדרות המגינים 90 חיפה	32.8212419	34.99202	4.8	"{"יום שני": "9:00-20:00", "יום שלישי": "9:00-20:00", "יום רביעי": "9:00-20:00", "יום חמישי": "9:00-0:00", "יום שישי": "9:00-20:00", "יום שבת": "סגור", "יום ראשון": "9:00-20:00"}"
مطعم شواطينا حيفا		מסעדת מאכלי ים	+972 4-833-3037	העלייה השנייה 96 חיפה	32.8313908	34.9704919	1.9	"{"יום שני": "11:00-23:00", "יום שלישי": "11:00-23:00", "יום רביעי": "11:00-23:00", "יום חמישי": "11:00-23:00", "יום שישי": "11:00-23:00", "יום שבת": "11:00-23:00", "יום ראשון": "11:00-23:00"}"
מנגל - MANGAL	http://mangal-bbq.co.il/	מסעדת גריל	+972 4-832-4244	שדרות מוריה 54 חיפה 3440101	32.7967937	34.9838793	4.8	"{"יום שני": "12:00-17:00", "יום שלישי": "12:00-17:00", "יום רביעי": "12:00-17:00", "יום חמישי": "12:00-17:00", "יום שישי": "12:00-17:00", "יום שבת": "סגור", "יום ראשון": "12:00-17:00"}"
מנדרין עזריאלי חיפה	http://www.mandarin.org.il/branches/azrieli	מסעדה	+972 4-855-1880	דרך משה פלימן 4 חיפה 3508416	32.7895654	34.9651331	3.7	"{"יום שני": "9:00-21:30", "יום שלישי": "9:00-21:30", "יום רביעי": "9:00-21:30", "יום חמישי": "9:00-21:30", "יום שישי": "8:30-15:00", "יום שבת": "20:00-23:00", "יום ראשון": "9:00-21:30"}"
בר מסעדה		מסעדה		יוחאי בן נון 6 חיפה	32.7933492	34.956149		"{"יום שני": "10:00-22:00", "יום שלישי": "10:00-22:00", "יום רביעי": "10:00-22:00", "יום חמישי": "10:00-22:00", "יום שישי": "11:00-16:00", "יום שבת": "סגור", "יום ראשון": "10:00-22:00"}"
EGGSIT	https://instagram.com/eggsit18	מסעדת ארוחות בוקר	+972 53-730-8052	עין דור 18 חיפה	32.8200669	34.9946841	4.9	"{"יום שני": "סגור", "יום שלישי": "8:00-17:00", "יום רביעי": "8:00-17:00", "יום חמישי": "8:00-17:00", "יום שישי": "8:00-17:00", "יום שבת": "8:00-17:00", "יום ראשון": "8:00-17:00"}"
גרג קיטשן	http://gregcafe.co.il/	מסעדה	+972 4-833-0803	שדרות מוריה 110 חיפה	32.7897764	34.9862015	4.1	"{"יום שני": "9:00-23:30", "יום שלישי": "9:00-23:30", "יום רביעי": "9:00-23:30", "יום חמישי": "9:00-0:00", "יום שישי": "8:00-0:00", "יום שבת": "9:30-0:00", "יום ראשון": "9:00-23:30"}"
קניבר בורגר מוריה	https://www.kanibar.co.il/	מסעדת המבורגרים	+972 1-700-553-311	שדרות מוריה 110 חיפה 3461803	32.789767	34.9863569	4.1	"{"יום שני": "11:30-23:30", "יום שלישי": "11:30-23:30", "יום רביעי": "11:30-23:30", "יום חמישי": "11:30-23:30", "יום שישי": "11:30-23:30", "יום שבת": "11:30-23:30", "יום ראשון": "11:30-23:30"}"
פיצה רונדו חיפה | הדר	https://rondopizza.co.il/	פיצרייה	+972 1-700-509-550	הרצל 69 חיפה 3321219	32.8071554	35.0016447	4.8	"{"יום שני": "11:00-23:00", "יום שלישי": "11:00-23:00", "יום רביעי": "11:00-23:00", "יום חמישי": "11:00-23:00", "יום שישי": "10:30-14:00", "יום שבת": "21:00-23:30", "יום ראשון": "11:00-23:00"}"
מקדונלד'ס - הדר חיפה	https://www.mcdonalds.co.il/	מסעדת מזון מהיר	+972 52-944-0079	הרצל 18-20 פינת בלפור חיפה 3312104	32.811223	34.997927	3.4	"{"יום שני": "11:00-22:00", "יום שלישי": "11:00-22:00", "יום רביעי": "11:00-22:00", "יום חמישי": "11:00-22:00", "יום שישי": "11:00-16:00", "יום שבת": "12:00-22:00", "יום ראשון": "11:00-22:00"}"
קפה פלמר	https://www.facebook.com/CafePalmer	בית קפה	+972 53-441-7548	שער פלמר 1 חיפה	32.8196828	35.0001669	4.3	"{"יום שני": "7:00-22:00", "יום שלישי": "7:00-22:00", "יום רביעי": "7:00-22:00", "יום חמישי": "7:00-22:00", "יום שישי": "7:00-16:00", "יום שבת": "9:00-22:00", "יום ראשון": "7:00-22:00"}"
בולס עיר תחתית חיפה	http://bullsburger.co.il/	מסעדת המבורגרים	+972 50-280-0079	דרך העצמאות 72 חיפה	32.8186985	34.999629	3.7	"{"יום שני": "11:30-2:00", "יום שלישי": "11:30-2:00", "יום רביעי": "11:30-2:00", "יום חמישי": "11:30-3:00", "יום שישי": "11:30-15:15", "יום שבת": "18:00-2:00", "יום ראשון": "11:30-2:00"}"
פיצה פנורמה	https://pizzapanorama.co.il/	פיצרייה	+972 4-838-3455	שער הלבנון 6 חיפה	32.8055556	34.9880556	4.3	"{"יום שני": "12:00-0:00", "יום שלישי": "12:00-0:00", "יום רביעי": "12:00-0:00", "יום חמישי": "12:00-0:00", "יום שישי": "סגור", "יום שבת": "19:00-23:55", "יום ראשון": "12:00-0:00"}"
מקדונלד'ס - קניון חיפה	https://www.mcdonalds.co.il/	מסעדת מזון מהיר	+972 52-944-0049	דרך משה פלימן 4 חיפה 3508416	32.789426	34.963719	3.3	"{"יום שני": "10:30-23:00", "יום שלישי": "10:30-23:00", "יום רביעי": "10:30-23:00", "יום חמישי": "10:30-23:00", "יום שישי": "10:00-21:00", "יום שבת": "11:00-23:00", "יום ראשון": "10:30-23:00"}"
פלאפל חיפה ירושלמי כשר למהדרין/ Yerushalmi Falafel haifa	https://israelbusinessguide.com/catalog/hayfa/yerushalmi_falafel_haifa______/	מסעדת פלאפל	+972 4-862-7015	הרצל 62 חיפה	32.8062326	35.0020751	4.5	"{"יום שני": "10:00-21:00", "יום שלישי": "10:00-21:00", "יום רביעי": "10:00-21:00", "יום חמישי": "10:00-21:00", "יום שישי": "סגור", "יום שבת": "סגור", "יום ראשון": "10:00-21:00"}"
דומינו'ס פיצה חיפה - מרכז הכרמל	https://www.dominos.co.il/%D7%A1%D7%A0%D7%99%D7%A3-%D7%97%D7%99%D7%A4%D7%94-%D7%9E%D7%A8%D7%9B%D7%96-%D7%94%D7%9B%D7%A8%D7%9E%D7%9C	פיצריה עם שירות משלוחים	+972 76-804-8974	שדרות הנשיא 96 חיפה	32.8083605	34.9856221	3.7	"{"יום שני": "12:00-1:00", "יום שלישי": "12:00-1:00", "יום רביעי": "12:00-1:00", "יום חמישי": "12:00-1:00", "יום שישי": "12:00-1:00", "יום שבת": "12:00-1:00", "יום ראשון": "12:00-1:00"}"
MamaCoco		מסעדת המבורגרים		שדרות הציונות 5 חיפה	32.8185646	34.9935846	3.7	"{"יום שני": "9:00-22:00", "יום שלישי": "9:00-22:00", "יום רביעי": "9:00-22:00", "יום חמישי": "9:00-22:00", "יום שישי": "9:00-22:00", "יום שבת": "9:00-22:00", "יום ראשון": "סגור"}"
בורקס העגלה - סניף מוריה		מסעדת מזון מהיר	+972 4-838-8662	שדרות מוריה 52 חיפה	32.7971057	34.9840666	4.3	"{"יום שני": "פתוח 24 שעות", "יום שלישי": "8:00-2:00", "יום רביעי": "8:00-2:00", "יום חמישי": "8:00-5:00", "יום שישי": "8:00-5:00", "יום שבת": "9:00-2:00", "יום ראשון": "8:00-0:00"}"
פיצה מאנצ' חיפה	https://order.bitetech.co.il/#/120/home	פיצריה עם שירות משלוחים	+972 4-810-2091	דרך הים 3 חיפה	32.803891	34.9866048	3.8	"{"יום שני": "11:30-1:30", "יום שלישי": "11:30-1:30", "יום רביעי": "11:30-1:30", "יום חמישי": "11:30-2:00", "יום שישי": "11:30-4:00", "יום שבת": "11:30-1:50", "יום ראשון": "11:30-1:30"}"
MR.BUN BURGER	http://www.mrbunburger.co.il/	מסעדת המבורגרים	+972 77-362-8388	נתיב האור 1 חיפה 35085	32.7854385	34.9639854	4.2	"{"יום שני": "11:00-23:00", "יום שלישי": "11:00-23:00", "יום רביעי": "11:00-23:00", "יום חמישי": "11:00-23:00", "יום שישי": "11:00-23:00", "יום שבת": "11:00-23:00", "יום ראשון": "11:00-23:00"}"
מקדונלד'ס - גרנד קניון חיפה מתחם המסעדות קומה 3	https://www.mcdonalds.co.il/	מסעדת מזון מהיר	+972 52-944-0271	דרך שמחה גולן 54 חיפה 3299001	32.7897502	35.0078195	3.7	"{"יום שני": "11:00-23:00", "יום שלישי": "11:00-23:00", "יום רביעי": "11:00-23:00", "יום חמישי": "11:00-23:00", "יום שישי": "10:30-20:00", "יום שבת": "11:00-23:00", "יום ראשון": "11:00-23:00"}"
פיצה האט חיפה (דרך מוריה)	https://www.pizzahut.co.il/branch/%D7%97%D7%99%D7%A4%D7%94-%D7%9E%D7%95%D7%A8%D7%99%D7%94/	מסעדה	+972 1-700-506-070	שדרות מוריה 13 חיפה	32.8017431	34.9840361	3.5	"{"יום שני": "11:00-0:00", "יום שלישי": "11:00-0:00", "יום רביעי": "11:00-0:00", "יום חמישי": "11:00-0:00", "יום שישי": "11:00-15:00", "יום שבת": "18:00-0:00", "יום ראשון": "11:00-0:00"}"
סבתא | SAVTA sandwich shop HFA	http://www.ilovesavta.com/	חנות כריכים	+972 4-810-1117	IL 3448602 צפרירים 2 חיפה	32.7970944	34.9838614	4.6	"{"יום שני": "9:00-23:00", "יום שלישי": "9:00-23:00", "יום רביעי": "9:00-23:00", "יום חמישי": "9:00-23:00", "יום שישי": "9:00-16:00", "יום שבת": "11:00-23:00", "יום ראשון": "9:00-23:00"}"
פאפא ג׳ונס חיפה	http://www.papajohns.co.il/	מסעדה	+972 77-555-3377	Moria 132 חיפה 3461821	32.787552	34.985494	3.9	"{"יום שני": "12:00-0:00", "יום שלישי": "12:00-0:00", "יום רביעי": "12:00-0:00", "יום חמישי": "12:00-0:00", "יום שישי": "12:00-0:00", "יום שבת": "12:00-0:00", "יום ראשון": "12:00-0:00"}"
אבו מרון		מסעדה ישראלית	+972 54-631-2575	קיבוץ גלויות 1 חיפה	32.8125	35.0038889	4.2	"{"יום שני": "8:30-16:00", "יום שלישי": "8:30-16:00", "יום רביעי": "8:30-16:00", "יום חמישי": "8:30-16:00", "יום שישי": "8:30-16:00", "יום שבת": "8:30-16:00", "יום ראשון": "8:30-16:00"}"
פורמנ׳ס נווה שאנן	https://furmans.co.il/	פיצרייה	+972 4-888-1205	הגליל 100 חיפה 3268423	32.7870483	35.0205574	4.5	"{"יום שני": "12:00-23:00", "יום שלישי": "12:00-23:00", "יום רביעי": "12:00-23:00", "יום חמישי": "12:00-23:00", "יום שישי": "11:30-14:00", "יום שבת": "21:45-0:00", "יום ראשון": "12:00-23:00"}"
נולה סוקס פאב	https://www.tabitorder.com/?site=5fd0c7ec490a6f0be67ce830	מסעדה	+972 77-792-9159	שלום עליכם 4 חיפה	32.7825326	35.0150947	4.3	"{"יום שני": "17:30-2:00", "יום שלישי": "17:30-2:00", "יום רביעי": "17:30-2:00", "יום חמישי": "17:30-2:00", "יום שישי": "12:00-2:00", "יום שבת": "17:30-2:00", "יום ראשון": "17:30-2:00"}"
דומינו'ס פיצה חיפה - נווה שאנן	http://www.dominos.co.il/%D7%A1%D7%A0%D7%99%D7%A3-%D7%97%D7%99%D7%A4%D7%94-%D7%A0%D7%95%D7%95%D7%94-%D7%A9%D7%90%D7%A0%D7%9F	פיצריה עם שירות משלוחים	+972 76-804-8974	שלום עליכם 1 חיפה	32.7830897	35.0148715	3.8	"{"יום שני": "12:00-1:00", "יום שלישי": "12:00-1:00", "יום רביעי": "12:00-1:00", "יום חמישי": "12:00-2:00", "יום שישי": "12:00-2:00", "יום שבת": "12:00-23:00", "יום ראשון": "12:00-1:00"}"
טאבון בגן האםפיצות בטאבון בחיפה Pizza		פיצרייה	+972 54-465-0255	שדרות הנשיא 116 חיפה	32.805635	34.9872333	4.5	"{"יום שני": "11:00-0:00", "יום שלישי": "11:00-0:00", "יום רביעי": "11:00-0:00", "יום חמישי": "11:00-0:00", "יום שישי": "11:00-15:00", "יום שבת": "18:00-0:00", "יום ראשון": "11:00-0:00"}"
ארומה Aroma	https://israelbusinessguide.com/catalog/hayfa/aroma_/	בית קפה	+972 4-812-3965	grand canyon דרך שמחה גולן 54 חיפה	32.7894923	35.0084995	4	"{"יום שני": "8:30-20:00", "יום שלישי": "8:30-20:00", "יום רביעי": "8:30-20:00", "יום חמישי": "8:30-20:00", "יום שישי": "8:00-15:00", "יום שבת": "19:00-22:00", "יום ראשון": "8:30-20:00"}"
פיצה שמש - סניף חיפה	https://pizza-shemesh.co.il/	פיצרייה	+972 4-611-6565	גאולה 31 חיפה 3319705	32.8024475	35.0007933	4.6	"{"יום שני": "11:00-23:00", "יום שלישי": "11:00-23:00", "יום רביעי": "11:00-23:00", "יום חמישי": "11:00-23:00", "יום שישי": "11:00-15:30", "יום שבת": "21:00-0:00", "יום ראשון": "11:00-23:00"}"
דומינו'ס פיצה חיפה - סניף מוריה	https://www.dominos.co.il/%D7%A1%D7%A0%D7%99%D7%A3-%D7%97%D7%99%D7%A4%D7%94-%D7%9E%D7%95%D7%A8%D7%99%D7%94	פיצריה עם שירות משלוחים	+972 76-804-8974	שדרות מוריה 108 חיפה	32.7902159	34.9863993	3.6	"{"יום שני": "12:00-2:00", "יום שלישי": "12:00-2:00", "יום רביעי": "12:00-2:00", "יום חמישי": "12:00-2:00", "יום שישי": "12:00-2:00", "יום שבת": "12:00-2:00", "יום ראשון": "12:00-2:00"}"
סול אנד פפר בר סלטים בחיפה		חנות סלטים	+972 54-256-0485	ורדיה 12 חיפה 3473402	32.7949934	34.9966651	5	"{"יום שני": "9:00-19:00", "יום שלישי": "9:00-19:00", "יום רביעי": "9:00-19:00", "יום חמישי": "9:00-19:00", "יום שישי": "סגור", "יום שבת": "סגור", "יום ראשון": "9:00-19:00"}"
יומנגס נשר	http://www.humongous.co.il/	מסעדת המבורגרים	+972 9-894-3656	דרך בר יהודה 147 נשר	32.7780639	35.0406354	4.3	"{"יום שני": "12:00-0:00", "יום שלישי": "12:00-0:00", "יום רביעי": "12:00-0:00", "יום חמישי": "12:00-2:00", "יום שישי": "12:00-2:00", "יום שבת": "12:00-0:00", "יום ראשון": "12:00-0:00"}"
בסרביה	https://www.zooz360.co.il/main.asp?id=310	מסעדה	+972 4-872-4430	דרך בר יהודה 131 נשר	32.7846641	35.031578	4.2	"{"יום שני": "11:00-20:00", "יום שלישי": "11:00-20:00", "יום רביעי": "11:00-20:00", "יום חמישי": "11:00-20:00", "יום שישי": "11:00-23:30", "יום שבת": "11:00-17:00", "יום ראשון": "סגור"}"
חומוס אליהו נשר	https://www.facebook.com/%D7%97%D7%95%D7%9E%D7%95%D7%A1-%D7%90%D7%9C%D7%99%D7%94%D7%95-%D7%A0%D7%A9%D7%A8-109472823757429/	מסעדה צמחונית	+972 4-605-5552	המסילה 17 נשר	32.7820842	35.0364959	4.7	"{"יום שני": "10:00-16:00", "יום שלישי": "10:00-16:00", "יום רביעי": "10:00-16:00", "יום חמישי": "10:00-16:00", "יום שישי": "9:00-14:00", "יום שבת": "סגור", "יום ראשון": "10:00-16:00"}"
פיתה דרוזית הכרמל		מסעדה		Horshat ha arbaim נשר 3009000	32.7568309	35.0234566	4.8	"{"יום שני": "סגור", "יום שלישי": "סגור", "יום רביעי": "סגור", "יום חמישי": "סגור", "יום שישי": "סגור", "יום שבת": "8:00-17:00", "יום ראשון": "סגור"}"
ביגה נשר		מסעדה	+972 4-833-5588	התעשייה 51 נשר	32.7724304	35.0479545	4.2	"{"יום שני": "8:00-15:30", "יום שלישי": "8:00-15:30", "יום רביעי": "8:00-15:30", "יום חמישי": "8:00-15:30", "יום שישי": "סגור", "יום שבת": "סגור", "יום ראשון": "8:00-15:30"}"
בולס נשר Bulls Chef Burger	http://bullsburger.co.il/	מסעדת המבורגרים	+972 1-700-700-722	המרגנית 1 נשר 3674006	32.7738151	35.0301094	4.2	"{"יום שני": "12:00-0:00", "יום שלישי": "12:00-0:00", "יום רביעי": "12:00-0:00", "יום חמישי": "12:00-0:00", "יום שישי": "12:00-17:00", "יום שבת": "20:00-0:00", "יום ראשון": "12:00-0:00"}"
פיצה מאנצ נשר	https://pizzamanch.co.il/	פיצרייה	+972 4-620-6161	המרגנית 1 נשר 3674006	32.7739259	35.0297263	4.3	"{"יום שני": "11:30-0:45", "יום שלישי": "11:30-0:45", "יום רביעי": "11:30-0:45", "יום חמישי": "11:30-0:45", "יום שישי": "11:30-14:00", "יום שבת": "19:00-0:45", "יום ראשון": "11:30-0:45"}"
חומוס ג'ורג	https://www.10bis.co.il/next/restaurants/menu/delivery/24685/%D7%97%D7%95%D7%9E%D7%95%D7%A1%20%D7%90%D7%91%D7%95%20%D7%9E%D7%A8%D7%95%D7%9F	מסעדה	+972 4-638-3838	המלאכה 4 נשר	32.7719527	35.04792	4.3	"{"יום שני": "8:30-16:00", "יום שלישי": "8:30-16:00", "יום רביעי": "8:30-16:00", "יום חמישי": "8:30-16:00", "יום שישי": "8:30-15:30", "יום שבת": "סגור", "יום ראשון": "8:30-16:00"}"
בית הסטייק		מסעדה כשרה	+972 53-944-3057	"אזה"ת תל-חנן התעשייה 17 נשר"	32.7756443	35.0439299	4	"{"יום שני": "11:00-21:00", "יום שלישי": "11:00-21:00", "יום רביעי": "11:00-21:00", "יום חמישי": "11:00-21:00", "יום שישי": "9:00-14:00", "יום שבת": "סגור", "יום ראשון": "11:00-21:00"}"
פיצה בלה	http://pizzabella.co.il/	פיצרייה	+972 4-820-2929	האלון 33 נשר	32.7699591	35.0314224	4.4	"{"יום שני": "11:00-23:00", "יום שלישי": "11:00-23:00", "יום רביעי": "11:00-23:00", "יום חמישי": "11:00-23:00", "יום שישי": "סגור", "יום שבת": "18:00-23:00", "יום ראשון": "11:00-23:00"}"
אמריקן פיצה נשר	https://apps.apple.com/il/app/%D7%90%D7%9E%D7%A8%D7%99%D7%A7%D7%9F-%D7%A4%D7%99%D7%A6%D7%94/id1479527298?l=he	פיצריה עם שירות משלוחים	+972 4-880-9191	דרך בר יהודה 58 נשר	32.7754444	35.0414324	4.4	"{"יום שני": "10:00-23:15", "יום שלישי": "10:00-23:15", "יום רביעי": "10:00-23:14", "יום חמישי": "10:00-23:15", "יום שישי": "10:00-14:00", "יום שבת": "18:30-23:15", "יום ראשון": "10:00-23:15"}"
סביחא		מסעדה	+972 55-278-2795	דרך השלום 26 נשר	32.7699977	35.0468783	4.9	"{"יום שני": "10:00-19:00", "יום שלישי": "10:00-19:00", "יום רביעי": "10:00-19:00", "יום חמישי": "10:00-19:00", "יום שישי": "10:00-15:00", "יום שבת": "סגור", "יום ראשון": "10:00-19:00"}"
אולמי הינומה		מסעדה		דרך משה 6 נשר	32.769081	35.0492738	4.4	"{"יום שני": "9:00-23:00", "יום שלישי": "9:00-23:00", "יום רביעי": "9:00-23:00", "יום חמישי": "9:00-23:00", "יום שישי": "9:00-15:00", "יום שבת": "סגור", "יום ראשון": "9:00-23:00"}"
Nesher Park suspension bridges	http://www.kkl.org.il/recreation-and-tours/scenic-lookouts/scenic-lookouts-north/nesher-park/	שמורת טבע		נשר	32.7672437	35.0248436	4.6	"{"יום שני": "פתוח 24 שעות", "יום שלישי": "פתוח 24 שעות", "יום רביעי": "פתוח 24 שעות", "יום חמישי": "פתוח 24 שעות", "יום שישי": "פתוח 24 שעות", "יום שבת": "פתוח 24 שעות", "יום ראשון": "פתוח 24 שעות"}"
שופרסל דיל אקסטרה	http://www.shufersal.co.il/	סופרמרקט זול	+972 4-820-9401	דרך בר יהודה 147 נשר 3688306	32.7804467	35.0380194	4	"{"יום שני": "9:00-22:00", "יום שלישי": "9:00-22:00", "יום רביעי": "9:00-22:00", "יום חמישי": "9:00-23:00", "יום שישי": "8:00-14:00", "יום שבת": "20:15-23:00", "יום ראשון": "9:00-22:00"}"
ג׳פניקה צ׳ק פוסט כשר | JAPANIKA CHECK POST KOSHER		מסעדה אסייתית	+972 3-723-6100	דרך ישראל בר יהודה 111 חיפה	32.7869677	35.0301587	4	"{"יום שני": "12:00-0:00", "יום שלישי": "12:00-0:00", "יום רביעי": "12:00-0:00", "יום חמישי": "12:00-0:00", "יום שישי": "12:00-14:00", "יום שבת": "18:30-0:00", "יום ראשון": "12:00-0:00"}"
Cafe Haifa		חנות		34 יוחנן הקדוש 32 חיפה	32.8167601	34.994084	5	"{"יום שני": "9:00-19:00", "יום שלישי": "9:00-19:00", "יום רביעי": "9:00-19:00", "יום חמישי": "9:00-19:00", "יום שישי": "9:00-15:00", "יום שבת": "סגור", "יום ראשון": "9:00-19:00"}"
אוא קפה בעיר		בית קפה	+972 4-864-0192	דרך העצמאות 53 חיפה	32.8202076	34.9984045	4.5	"{"יום שני": "7:00-17:30", "יום שלישי": "7:00-17:30", "יום רביעי": "7:00-17:30", "יום חמישי": "7:00-17:30", "יום שישי": "7:00-13:00", "יום שבת": "סגור", "יום ראשון": "7:00-17:30"}"
LAYLA ليلى ליילא‎	http://facebook.com/LaylaOriental	בר נרגילה	+972 50-854-3212	שרה 2 חיפה 3326304	32.8198051	34.9964866	4.8	"{"יום שני": "11:00-1:00", "יום שלישי": "11:00-1:00", "יום רביעי": "11:00-1:00", "יום חמישי": "11:00-2:00", "יום שישי": "11:00-2:00", "יום שבת": "12:00-1:00", "יום ראשון": "11:00-1:00"}"
Kashtan Cafe		בית קפה		קהילת סלוניקי 12 חיפה 3216814	32.8184146	34.9991808	4.4	"{"יום שני": "8:00-18:00", "יום שלישי": "8:00-18:00", "יום רביעי": "8:00-18:00", "יום חמישי": "8:00-18:00", "יום שישי": "8:00-18:00", "יום שבת": "10:00-18:00", "יום ראשון": "סגור"}"
קפה הפינה		בית קפה	+972 4-627-5846	מסדה 43 חיפה	32.8103444	34.9915941	4.5	"{"יום שני": "7:30-20:00", "יום שלישי": "7:30-20:00", "יום רביעי": "7:30-20:00", "יום חמישי": "7:30-20:00", "יום שישי": "סגור", "יום שבת": "סגור", "יום ראשון": "7:30-20:00"}"
קפה נעימה Caffe Naima	https://www.naima-coffee.com/	בית קפה		דרך יפו 49 חיפה	32.8201905	34.9964979	4.7	"{"יום שני": "7:00-18:00", "יום שלישי": "7:00-18:00", "יום רביעי": "7:00-18:00", "יום חמישי": "7:00-18:00", "יום שישי": "7:00-17:00", "יום שבת": "9:00-16:00", "יום ראשון": "7:00-18:00"}"
קפה קפה	https://cafecafe-technion.web.delivery/menu/	בית קפה	+972 4-999-5161	בית הסטודנט קרית הטכניון חיפה	32.7765141	35.0226502	4.2	"{"יום שני": "7:30-20:00", "יום שלישי": "7:30-20:00", "יום רביעי": "7:30-20:00", "יום חמישי": "7:30-20:00", "יום שישי": "7:30-14:00", "יום שבת": "סגור", "יום ראשון": "7:30-20:00"}"
קפה חיפה		בית קפה		ואדי 21 חיפה	32.8171673	34.9939515	4.4	"{"יום שני": "8:00-17:00", "יום שלישי": "8:00-15:00", "יום רביעי": "8:00-17:00", "יום חמישי": "8:00-17:00", "יום שישי": "7:30-17:30", "יום שבת": "9:00-17:30", "יום ראשון": "סגור"}"
ארומה	https://israelbusinessguide.com/catalog/nesher/aroma/	בית קפה	+972 4-821-8880	דרך בר יהודה 147 נשר 3688306	32.7782214	35.0390189	4	"{"יום שני": "6:30-20:00", "יום שלישי": "6:30-20:00", "יום רביעי": "6:30-20:00", "יום חמישי": "6:30-20:00", "יום שישי": "6:30-14:30", "יום שבת": "סגור", "יום ראשון": "6:30-20:00"}"
קפה גרג		בית קפה		דרך בר יהודה 111 נשר	32.77145	35.0466308	3.5	"{"יום שני": "8:00-22:30", "יום שלישי": "8:00-22:30", "יום רביעי": "8:00-22:30", "יום חמישי": "8:00-22:30", "יום שישי": "8:00-14:30", "יום שבת": "20:30-23:00", "יום ראשון": "8:00-22:30"}"
מאפיית אריאל		בית קפה	+972 4-644-5566	נשר	32.7707867	35.0475776	4.1	"{"יום שני": "6:30-21:30", "יום שלישי": "6:30-20:30", "יום רביעי": "6:30-21:30", "יום חמישי": "6:30-21:30", "יום שישי": "6:00-15:00", "יום שבת": "סגור", "יום ראשון": "6:30-21:30"}"
לנדוור מהדרין ביג צ'ק פוסט חיפה		ביסטרו	+972 4-626-7717	דרך בר יהודה 111 חיפה 3295008	32.7869674	35.0301451	3.8	"{"יום שני": "9:00-22:30", "יום שלישי": "9:00-22:30", "יום רביעי": "9:00-22:30", "יום חמישי": "9:00-22:30", "יום שישי": "8:00-14:00", "יום שבת": "18:00-22:30", "יום ראשון": "9:00-22:30"}"
סנטה מריה		בית קפה	+972 4-859-7518	דרך סטלה מריס 101 חיפה	32.8269322	34.9693839	4.1	"{"יום שני": "8:00-22:30", "יום שלישי": "8:00-22:30", "יום רביעי": "8:00-22:30", "יום חמישי": "8:00-22:30", "יום שישי": "8:00-23:30", "יום שבת": "8:00-23:00", "יום ראשון": "8:00-22:30"}"
גרג צ'ק פוסט	http://gregcafe.co.il/	בית קפה	+972 4-622-1199	דרך בר יהודה 111 חיפה	32.7854058	35.0308736	4.1	"{"יום שני": "8:00-22:00", "יום שלישי": "8:00-22:00", "יום רביעי": "8:00-22:00", "יום חמישי": "8:00-22:00", "יום שישי": "8:00-15:00", "יום שבת": "20:30-23:00", "יום ראשון": "8:00-22:00"}"
Cafe Masada		בית קפה	+972 77-525-1312	מסדה 16 חיפה	32.8094721	34.9939142	4.5	"{"יום שני": "8:00-0:00", "יום שלישי": "8:00-0:00", "יום רביעי": "8:00-0:00", "יום חמישי": "8:00-0:00", "יום שישי": "8:00-0:00", "יום שבת": "8:00-0:00", "יום ראשון": "8:00-0:00"}"
מסעדת הוואנה פלוס חיפה		מסעדה	+972 4-851-1919	שדרות בן גוריון 12 חיפה 3502206	32.8222444	34.9918241	4.3	"{"יום שני": "9:00-1:00", "יום שלישי": "9:00-1:00", "יום רביעי": "9:00-1:00", "יום חמישי": "9:00-1:00", "יום שישי": "9:00-1:00", "יום שבת": "9:00-1:00", "יום ראשון": "9:00-1:00"}"
צפרירים 1	http://www.zafririm1.co.il/	מסעדה	+972 4-811-2235	צפרירים 1 חיפה	32.7968544	34.983835	4.5	"{"יום שני": "12:00-0:00", "יום שלישי": "12:00-0:00", "יום רביעי": "12:00-0:00", "יום חמישי": "12:00-0:00", "יום שישי": "12:00-0:00", "יום שבת": "12:00-0:00", "יום ראשון": "12:00-0:00"}"
BP - בורגר פלייס חיפה	http://www.bprest.co.il/	מסעדה כשרה	+972 4-872-1988	שדרות ההסתדרות 157 חיפה 26299	32.8027413	35.0527499	4.7	"{"יום שני": "11:30-0:00", "יום שלישי": "11:30-0:00", "יום רביעי": "11:30-0:00", "יום חמישי": "11:30-0:30", "יום שישי": "סגור", "יום שבת": "19:30-0:30", "יום ראשון": "11:30-0:00"}"
חומוס BAR	https://hummusbar.co.il/	מסעדה טבעונית	+972 4-690-6808	נתנזון 22 חיפה	32.8168904	35.0010783	4.7	"{"יום שני": "11:30-21:00", "יום שלישי": "11:30-21:00", "יום רביעי": "11:30-21:00", "יום חמישי": "11:30-21:00", "יום שישי": "11:30-21:00", "יום שבת": "12:00-21:00", "יום ראשון": "11:30-21:00"}"
גולדפיש		מסעדת מאכלי ים	+972 4-855-2663	א.ל. זיסו 26 חיפה	32.8276696	34.9870884	4.3	"{"יום שני": "12:00-20:30", "יום שלישי": "12:00-20:30", "יום רביעי": "12:00-20:30", "יום חמישי": "12:00-20:30", "יום שישי": "12:00-20:30", "יום שבת": "12:00-20:30", "יום ראשון": "סגור"}"
ביץ׳ קלאב חיפה - Beach Club Haifa	https://www.beachclubhaifa.co.il/	מסעדה	+972 4-662-6791	יוחאי בן נון חיפה	32.79039	34.9558143	4.3	"{"יום שני": "9:00-22:00", "יום שלישי": "9:00-22:00", "יום רביעי": "9:00-22:00", "יום חמישי": "9:00-0:00", "יום שישי": "9:00-23:00", "יום שבת": "9:00-23:00", "יום ראשון": "16:00-22:00"}"
"מסעדת אבו יוסף ובניו בע"מ"		מסעדה מזרח תיכונית	+972 4-866-3723	"שדרות הפלי"ם 1 חיפה"	32.8171032	34.999895	4.3	"{"יום שני": "7:30-16:00", "יום שלישי": "7:30-16:00", "יום רביעי": "7:30-16:00", "יום חמישי": "7:30-16:00", "יום שישי": "7:30-16:00", "יום שבת": "7:30-17:00", "יום ראשון": "7:30-16:00"}"
Shrimps House	https://israelbusinessguide.com/catalog/hayfa/shrimps_house_hayfa/	מסעדת מאכלי ים	+972 4-852-0896	שדרות ההגנה 105 חיפה	32.8294968	34.964408	4.3	"{"יום שני": "12:00-22:00", "יום שלישי": "12:00-22:00", "יום רביעי": "12:00-22:00", "יום חמישי": "12:00-22:00", "יום שישי": "12:00-22:00", "יום שבת": "12:00-22:00", "יום ראשון": "12:00-17:00"}"
קלמנ'ס בר/מסעדה יוונית שמחה בנמל	https://www.facebook.com/kalmamspub/	מסעדה	+972 4-862-0525	הנמל 3 חיפה	32.8173767	35.0025373	4.4	"{"יום שני": "11:00-16:30", "יום שלישי": "11:00-16:30", "יום רביעי": "11:00-16:30", "יום חמישי": "11:00-16:30", "יום שישי": "11:00-16:30", "יום שבת": "סגור", "יום ראשון": "סגור"}"
טאטאמי	https://tatami-sushi.co.il/	מסעדה אסייתית	+972 4-643-6688	ברחבה של קניון כיכר האודיטוריום 134 שדרות הנשיא חיפה	32.8032492	34.9854953	4.2	"{"יום שני": "12:00-23:30", "יום שלישי": "12:00-23:30", "יום רביעי": "12:00-23:30", "יום חמישי": "12:00-23:30", "יום שישי": "12:00-23:30", "יום שבת": "12:00-23:30", "יום ראשון": "12:00-23:30"}"
שווארמה בילי חיפה	https://shawarmabilli.co.il/	מסעדה	+972 4-824-7606	שדרות הנשיא 130 חיפה	32.8035689	34.9866844	4.3	"{"יום שני": "10:30-23:30", "יום שלישי": "10:30-23:30", "יום רביעי": "10:30-23:30", "יום חמישי": "10:30-23:30", "יום שישי": "10:30-2:30", "יום שבת": "12:00-23:30", "יום ראשון": "10:30-23:30"}"
קינג קונג חיפה מרכז חורב	https://www.kingkong.co.il/	מסעדה אסייתית	+972 77-724-2083	חורב 15 חיפה 3434119	32.7847763	34.9872942	4.5	"{"יום שני": "12:00-23:00", "יום שלישי": "12:00-23:00", "יום רביעי": "12:00-23:00", "יום חמישי": "12:00-23:00", "יום שישי": "12:00-23:00", "יום שבת": "12:00-23:00", "יום ראשון": "12:00-23:00"}"
מסעדת דוזאן	https://www.rest.co.il/rest/80330935/	מסעדה	+972 53-944-3301	שדרות בן גוריון 35 חיפה	32.8198812	34.9906853	4.2	"{"יום שני": "10:00-23:00", "יום שלישי": "10:00-23:00", "יום רביעי": "10:00-23:00", "יום חמישי": "10:00-23:00", "יום שישי": "10:00-23:00", "יום שבת": "10:00-23:00", "יום ראשון": "10:00-23:00"}"
Rabbit Hole		מסעדה טבעונית		מסדה 16 חיפה 3307429	32.809478	34.9938745	4.4	"{"יום שני": "17:00-2:00", "יום שלישי": "17:00-2:00", "יום רביעי": "17:00-2:00", "יום חמישי": "17:00-2:00", "יום שישי": "17:00-2:00", "יום שבת": "17:00-2:00", "יום ראשון": "18:00-2:00"}"
Monte Carmelo		מסעדה		חיפה	32.8267455	34.9693547	4.3	"{"יום שני": "8:00-22:30", "יום שלישי": "8:00-22:30", "יום רביעי": "8:00-22:30", "יום חמישי": "8:00-22:30", "יום שישי": "7:30-0:30", "יום שבת": "7:30-0:30", "יום ראשון": "8:00-22:30"}"
אבו מוסא		מסעדת מזון מהיר	+972 54-545-5945	Unnamed Road חיפה	32.8325385	34.9876007	4.8	"{"יום שני": "9:00-18:00", "יום שלישי": "9:00-18:00", "יום רביעי": "9:00-18:00", "יום חמישי": "9:00-18:00", "יום שישי": "9:00-18:00", "יום שבת": "9:00-18:00", "יום ראשון": "9:00-18:00"}"
עראבסקה	https://bit.ly/ArabeskaFood	מסעדה	+972 58-720-2007	לונץ 7 חיפה 3317118	32.8080859	35.0021953	4.6	"{"יום שני": "10:30-18:00", "יום שלישי": "10:30-18:00", "יום רביעי": "10:30-18:00", "יום חמישי": "10:30-18:00", "יום שישי": "10:00-18:00", "יום שבת": "10:15-18:00", "יום ראשון": "סגור"}"
מסעדת chef kesar	https://www.rest.co.il/rest/80352944/	מסעדה הודית	+972 58-544-6586	סירקין 11 חיפה 3311615	32.8103328	34.9998221	4.4	"{"יום שני": "12:00-22:00", "יום שלישי": "12:00-22:00", "יום רביעי": "12:00-22:00", "יום חמישי": "12:00-22:00", "יום שישי": "12:00-17:00", "יום שבת": "סגור", "יום ראשון": "סגור"}"
שווארמה אמיל	https://www.instagram.com/shawarma.emil/	מסעדת שווארמה	+972 4-851-7096	שדרות המגינים 68 חיפה	32.8200884	34.9944481	4.5	"{"יום שני": "10:00-17:00", "יום שלישי": "10:00-17:00", "יום רביעי": "10:00-17:00", "יום חמישי": "10:00-17:00", "יום שישי": "10:00-17:00", "יום שבת": "סגור", "יום ראשון": "10:00-17:00"}"
"סילבה קפה בע"מ"	https://m.facebook.com/SilvaCafe120/	מסעדה	+972 4-811-4442	שדרות מוריה 120 חיפה	32.7886642	34.9865124	4.4	"{"יום שני": "פתוח 24 שעות", "יום שלישי": "פתוח 24 שעות", "יום רביעי": "פתוח 24 שעות", "יום חמישי": "פתוח 24 שעות", "יום שישי": "פתוח 24 שעות", "יום שבת": "פתוח 24 שעות", "יום ראשון": "פתוח 24 שעות"}"
BBB חיפה	https://www.burgus.co.il/haifa/	מסעדת המבורגרים	+972 4-621-9034	שדרות הנשיא 134 חיפה	32.8032586	34.9858432	4	"{"יום שני": "12:00-0:00", "יום שלישי": "12:00-0:00", "יום רביעי": "12:00-0:00", "יום חמישי": "12:00-0:00", "יום שישי": "12:00-1:00", "יום שבת": "12:00-0:00", "יום ראשון": "12:00-0:00"}"
BLACK גרנד קניון חיפה	http://blackbarburger.co.il/	מסעדה כשרה	+972 4-842-2400	גרנד קניון דרך שמחה גולן 54 חיפה	32.789468	35.007145	4.3	"{"יום שני": "11:30-21:30", "יום שלישי": "11:30-21:30", "יום רביעי": "11:30-21:30", "יום חמישי": "11:30-21:30", "יום שישי": "11:30-15:00", "יום שבת": "סגור", "יום ראשון": "11:30-21:30"}"
איל גוסטו חיפה		מסעדה		דרך שמחה גולן 54 חיפה	32.7897693	35.0080075	4	"{"יום שני": "9:00-22:00", "יום שלישי": "9:00-22:00", "יום רביעי": "9:00-22:00", "יום חמישי": "9:00-22:00", "יום שישי": "9:00-15:00", "יום שבת": "18:10-23:00", "יום ראשון": "9:00-22:00"}"
Babulini באבוליני	http://babulini.com/	מסעדה	+972 53-472-7777	סעדיה גאון 9 חיפה 3559217	32.8187928	34.9623542	5	"{"יום שני": "10:00-0:00", "יום שלישי": "10:00-0:00", "יום רביעי": "10:00-0:00", "יום חמישי": "10:00-0:00", "יום שישי": "10:00-0:00", "יום שבת": "10:00-0:00", "יום ראשון": "10:00-0:00"}"
עולם האוכל		מסעדה	+972 4-840-8433	השיש 31 מפרץ חיפה	32.80835	35.061492	4.1	"{"יום שני": "9:00-16:00", "יום שלישי": "9:00-16:00", "יום רביעי": "9:00-16:00", "יום חמישי": "9:00-16:00", "יום שישי": "9:00-15:00", "יום שבת": "סגור", "יום ראשון": "9:00-16:00"}"
MILE MALA מסעדה	https://www.facebook.com/milemala04/	מסעדה	+972 58-789-6033	סירקין 21 חיפה	32.8099021	35.0006637	4.5	"{"יום שני": "סגור", "יום שלישי": "11:00-16:00", "יום רביעי": "11:00-16:00", "יום חמישי": "11:00-16:00", "יום שישי": "9:00-15:00", "יום שבת": "10:00-16:00", "יום ראשון": "11:00-16:00,19:00-22:00"}"
RUBEN נווה שאנן	https://www.rubenisrael.co.il/branches/neve	מסעדת המבורגרים	+972 4-666-5265	הגליל 100 חיפה 3268423	32.7870479	35.0205165	4.2	"{"יום שני": "11:00-23:00", "יום שלישי": "11:00-23:00", "יום רביעי": "11:00-0:00", "יום חמישי": "11:00-0:00", "יום שישי": "11:00-14:30", "יום שבת": "18:30-23:00", "יום ראשון": "11:00-23:00"}"
מקדונלד'ס - חיפה (סיטי סנטר)	https://www.mcdonalds.co.il/	מסעדת מזון מהיר	+972 52-944-0063	שדרות בן גוריון 6 חיפה 3541416	32.8230635	34.9918239	3.5	"{"יום שני": "11:00-22:00", "יום שלישי": "11:00-22:00", "יום רביעי": "11:00-22:00", "יום חמישי": "11:00-22:00", "יום שישי": "11:00-22:00", "יום שבת": "11:00-22:00", "יום ראשון": "11:00-22:00"}"
יהללו מבית יא ג'אמעה בשר לנדא חלק (תעודת כשרות - רבנות חיפה מהדרין)		מסעדת בשרים	+972 54-554-5556	הרב הרצוג 3 חיפה	32.8068177	35.0012791	4.7	"{"יום שני": "12:00-0:00", "יום שלישי": "12:00-0:00", "יום רביעי": "12:00-0:00", "יום חמישי": "12:00-2:00", "יום שישי": "סגור", "יום שבת": "סגור", "יום ראשון": "12:00-0:00"}"
Brand sushi	https://wa.me/c/972503202608	מסעדה יפנית	+972 50-320-2608	נוגה 4 חיפה 33113	32.7980264	34.979474	5	"{"יום שני": "10:00-22:00", "יום שלישי": "10:00-22:00", "יום רביעי": "10:00-22:00", "יום חמישי": "10:00-22:00", "יום שישי": "10:00-22:00", "יום שבת": "סגור", "יום ראשון": "10:00-22:00"}"
פלאפל ג'ורג'		מסעדת פלאפל	+972 50-529-2089	שוק חיפה יוחנן הקדוש 26 חיפה	32.8174619	34.994252	4.8	"{"יום שני": "9:00-17:00", "יום שלישי": "9:00-17:00", "יום רביעי": "9:00-17:00", "יום חמישי": "9:00-17:00", "יום שישי": "9:00-17:00", "יום שבת": "9:00-17:00", "יום ראשון": "9:00-17:00"}"
פלמינגו		מסעדה	+972 4-841-2111	קניון חוצות המפרץ חיפה	32.7940463	34.989571	5	"{"יום שני": "12:00-19:00", "יום שלישי": "11:00-20:30", "יום רביעי": "11:00-20:30", "יום חמישי": "11:00-20:30", "יום שישי": "12:00-16:00", "יום שבת": "12:00-16:00", "יום ראשון": "12:00-19:00"}"
רובן כרמל Ruben	https://www.rubenisrael.co.il/branches/karmel	חנות כריכים	+972 4-620-8584	שדרות הנשיא 131 חיפה	32.803347	34.9869181	4.4	"{"יום שני": "11:00-23:00", "יום שלישי": "11:00-23:00", "יום רביעי": "11:00-23:00", "יום חמישי": "11:00-23:00", "יום שישי": "11:00-14:30", "יום שבת": "19:30-0:00", "יום ראשון": "11:00-23:00"}"
צ'וקה חיפה	http://www.mychooka.co.il/branch_haifa.html	מסעדה אסייתית	+972 1-700-700-713	שדרות ההסתדרות 51 חיפה	32.7930894	35.0362248	3.4	"{"יום שני": "10:00-21:45", "יום שלישי": "10:00-21:45", "יום רביעי": "10:00-21:45", "יום חמישי": "10:00-21:45", "יום שישי": "10:00-14:45", "יום שבת": "סגור", "יום ראשון": "10:00-21:45"}"
מאמא פיתה	https://israelbusinessguide.com/catalog/hayfa/mama_pita/	מסעדה	+972 4-851-4841	דרך אלנבי 57 חיפה	32.8187699	34.9904662	4.7	"{"יום שני": "8:00-15:00", "יום שלישי": "8:00-15:00", "יום רביעי": "8:00-15:00", "יום חמישי": "8:00-15:00", "יום שישי": "8:00-15:00", "יום שבת": "8:00-15:00", "יום ראשון": "סגור"}"
מסעדות מזון מהיר		מסעדת מזון מהיר	+972 53-741-5254	חלוצי התעשיה 2 חיפה 2629402	32.8110696	35.0697109		"{"יום שני": "10:00-23:30", "יום שלישי": "10:00-23:30", "יום רביעי": "10:00-23:30", "יום חמישי": "10:00-23:30", "יום שישי": "סגור", "יום שבת": "סגור", "יום ראשון": "10:00-23:30"}"
DELICAFE by VIVINO - דלי קפה	http://www.delicafe.co.il/	פטיסרי	+972 74-707-2288	"דרך פיק"א 69 חיפה"	32.7874399	34.9969985	4.4	"{"יום שני": "7:30-15:00", "יום שלישי": "7:30-15:00", "יום רביעי": "7:30-15:00", "יום חמישי": "7:30-15:00", "יום שישי": "7:00-14:30", "יום שבת": "סגור", "יום ראשון": "7:30-15:00"}"
סנדוויץ פלוס חיפה		קייטרינג	+972 54-840-2307	הרצל 92 חיפה 3321608	32.804098	35.0044425	5	"{"יום שני": "פתוח 24 שעות", "יום שלישי": "פתוח 24 שעות", "יום רביעי": "פתוח 24 שעות", "יום חמישי": "פתוח 24 שעות", "יום שישי": "9:00-12:00", "יום שבת": "21:00-0:00", "יום ראשון": "פתוח 24 שעות"}"
הקונדיטוריה של גל	https://www.tabitorder.com/galsbakery	קונדיטוריה	+972 4-838-2928	שדרות הנשיא 131 חיפה 3463415	32.8031044	34.9870605	4.3	"{"יום שני": "5:00-20:00", "יום שלישי": "5:00-20:00", "יום רביעי": "5:00-20:00", "יום חמישי": "5:00-20:00", "יום שישי": "5:00-15:00", "יום שבת": "סגור", "יום ראשון": "5:00-20:00"}"
Secret Bar	https://www.10bis.co.il/	פאב בירה	+972 54-648-0750	נחום דוברין 3 חיפה	32.8181047	34.9999173	4.4	"{"יום שני": "16:00-2:00", "יום שלישי": "16:00-2:00", "יום רביעי": "16:00-2:00", "יום חמישי": "16:00-4:00", "יום שישי": "16:00-4:00", "יום שבת": "16:00-2:00", "יום ראשון": "16:00-2:00"}"
המבורגר סמאש משלוחים	https://tabitisrael.co.il/tabit-order?siteName=smashburger	מסעדת המבורגרים	+972 4-376-1024	חיפה	32.7940463	34.989571		"{"יום שני": "12:00-1:00", "יום שלישי": "12:00-1:00", "יום רביעי": "12:00-1:00", "יום חמישי": "12:00-1:00", "יום שישי": "12:00-1:00", "יום שבת": "12:00-1:00", "יום ראשון": "12:00-1:00"}"
Fruit And Food	https://ypshoping.wixsite.com/fruitandfood	יצרן מזון	+972 52-263-2289	התורן 15 חיפה	32.8272734	34.9625873		"{"יום שני": "7:00-19:00", "יום שלישי": "7:00-19:00", "יום רביעי": "7:00-19:00", "יום חמישי": "7:00-19:00", "יום שישי": "7:00-12:00", "יום שבת": "סגור", "יום ראשון": "7:00-19:00"}"
israel food center		יצואן מזון ומשקאות	+972 50-250-5151	החרש חיפה 26334	32.811407	35.064597		"{"יום שני": "פתוח 24 שעות", "יום שלישי": "פתוח 24 שעות", "יום רביעי": "פתוח 24 שעות", "יום חמישי": "פתוח 24 שעות", "יום שישי": "8:00-14:00", "יום שבת": "סגור", "יום ראשון": "פתוח 24 שעות"}"
שווארמה בכיכר נשר		מסעדת מזון מהיר	+972 54-547-4373	ברק 2 נשר	32.7694898	35.0474634	4.7	"{"יום שני": "11:30-19:00", "יום שלישי": "11:30-19:00", "יום רביעי": "11:30-19:00", "יום חמישי": "11:30-19:00", "יום שישי": "סגור", "יום שבת": "סגור", "יום ראשון": "11:30-19:00"}"
קשת טעמים- נשר	https://www.keshet-teamim.co.il/%D7%A1%D7%A0%D7%99%D7%A4%D7%99%D7%9D/%D7%A1%D7%A0%D7%99%D7%A3-%D7%A0%D7%A9%D7%A8/	סופרמרקט	+972 4-820-2265	הזית 1 נשר	32.7733889	35.0387938	4.2	"{"יום שני": "7:30-21:30", "יום שלישי": "7:30-21:30", "יום רביעי": "7:30-21:30", "יום חמישי": "7:30-21:30", "יום שישי": "7:00-16:00", "יום שבת": "סגור", "יום ראשון": "7:30-21:30"}"
מחסני השוק	http://www.m-shuk.net/	סופרמרקט	+972 4-614-2500	דרך בר יהודה 147 נשר	32.7785192	35.0406357	3.8	"{"יום שני": "9:00-22:00", "יום שלישי": "8:30-22:00", "יום רביעי": "8:30-22:30", "יום חמישי": "8:00-23:00", "יום שישי": "7:00-14:00", "יום שבת": "21:00-22:30", "יום ראשון": "9:00-22:00"}"
"אחים מרסל מרקט (1994) בע"מ"	http://www.marsel.co.il/	סופרמרקט	+972 4-821-0279	הביטחון 8 נשר	32.7765827	35.0390511	4.5	"{"יום שני": "7:30-19:30", "יום שלישי": "7:30-19:30", "יום רביעי": "7:30-19:30", "יום חמישי": "7:30-19:30", "יום שישי": "7:30-14:45", "יום שבת": "סגור", "יום ראשון": "7:30-19:30"}"
גלידת תל-חנן		גלידריה	+972 52-253-8440	דרך בר יהודה 103 נשר	32.7720279	35.047003	4.4	"{"יום שני": "11:30-21:00", "יום שלישי": "11:30-21:00", "יום רביעי": "11:30-21:00", "יום חמישי": "11:30-21:00", "יום שישי": "11:30-18:00", "יום שבת": "11:00-22:00", "יום ראשון": "11:30-21:00"}"
ממלכת האופים	https://bakers.co.il/	חנות לציוד אפייה	+972 4-820-7741	המסילה 22 נשר	32.7810958	35.0375242	4.3	"{"יום שני": "9:00-19:00", "יום שלישי": "9:00-19:00", "יום רביעי": "9:00-19:00", "יום חמישי": "9:00-19:00", "יום שישי": "9:00-14:00", "יום שבת": "סגור", "יום ראשון": "9:00-19:00"}"
השניצליה	https://order.plweb.online/wl/4469#!/rest/4469/menu	מסעדת מזון מהיר	+972 4-820-4242	מתחם רמי לוי דרך בר יהודה 96 נשר	32.7704924	35.0475465	4.4	"{"יום שני": "10:30-21:30", "יום שלישי": "10:30-21:30", "יום רביעי": "10:30-21:30", "יום חמישי": "10:30-21:30", "יום שישי": "סגור", "יום שבת": "סגור", "יום ראשון": "10:30-21:30"}"
ROSMAN Market - Big Check Post Haifa Israel		חנות מכולת		חיפה	32.7865153	35.0305975	4.3	"{"יום שני": "9:00-21:30", "יום שלישי": "9:00-21:30", "יום רביעי": "9:00-21:30", "יום חמישי": "8:30-22:00", "יום שישי": "8:00-15:00", "יום שבת": "8:30-20:00", "יום ראשון": "9:00-21:30"}"
רמי לוי	https://www.rami-levy.co.il/default.asp?catid=%7B2F47FC97-07F1-463F-B863-1F7770CD6214%7D	סופרמרקט זול	+972 4-666-0300	דרך בר יהודה 96 נשר	32.7705497	35.0478477	3.7	"{"יום שני": "8:00-22:00", "יום שלישי": "8:00-22:00", "יום רביעי": "8:00-23:00", "יום חמישי": "7:30-23:00", "יום שישי": "7:30-13:30", "יום שבת": "סגור", "יום ראשון": "8:00-22:00"}"
שופרסל אקספרס	http://shufersal.co.il/	סופרמרקט	+972 4-630-8537	"צה"ל 2-14 נשר"	32.7738645	35.0301094	3.6	"{"יום שני": "7:00-20:30", "יום שלישי": "7:00-20:30", "יום רביעי": "7:00-20:30", "יום חמישי": "7:00-20:30", "יום שישי": "7:00-14:30", "יום שבת": "סגור", "יום ראשון": "7:00-20:30"}"
שווארמה אמיר	https://israelbusinessguide.com/catalog/hayfa/shawarma_amir/	מסעדת שווארמה	+972 4-849-4478	שדרות ההסתדרות 56 חיפה	32.7925949	35.0379486	4.5	"{"יום שני": "10:30-21:00", "יום שלישי": "10:30-21:00", "יום רביעי": "10:30-21:00", "יום חמישי": "10:30-21:00", "יום שישי": "סגור", "יום שבת": "12:00-21:00", "יום ראשון": "10:30-21:00"}"
הום סנטר תל חנן	https://www.homecenter.co.il/	"חנות לציוד "עשה זאת בעצמך"		דרך בר יהודה 147 נשר 3688306	32.78	35.0391667	3.8	"{"יום שני": "9:00-21:00", "יום שלישי": "9:00-21:00", "יום רביעי": "9:00-21:00", "יום חמישי": "9:00-21:00", "יום שישי": "8:30-14:30", "יום שבת": "סגור", "יום ראשון": "9:00-21:00"}"
